"signal_date","review_date","pack_date","ticker","focus_rank","tier","setups","primary_setup","action_label","catalyst_type","catalyst_grade","catalyst_confidence","neglect_score","market_mode","trigger_price","invalidation_price","planned_size","analysis_confidence","decision_reason","what_would_prove_wrong","learned_pattern_matches"
"2026-05-06","2026-05-07","2026-05-06","OSS","","","","","C","Unknown","UNKNOWN","30","","Risk-On","","","none","high","[Gate 6.5 EP_SPIKE Day-1]: today_pct=56.9%, ep_gap=18.4%, vol=11.75x; force-WATCH per V5.6, not focus-eligible until Day-2/3 reset; ","Day-2 reset fails (no inside-day, gap-down to or below today's low)",""
"2026-05-06","2026-05-07","2026-05-06","FLEX","","","","","D","Unknown","UNKNOWN","30","","Risk-On","","","none","high","BAG_HOLDER (bag-holder flagged); ","Reset / overhead supply absorption (multi-week base)",""
"2026-05-06","2026-05-07","2026-05-06","HUT","","","","","D","Unknown","UNKNOWN","30","","Risk-On","","","none","high","BAG_HOLDER (bag-holder flagged); ","Reset / overhead supply absorption (multi-week base)",""
"2026-05-06","2026-05-07","2026-05-06","BUUU","","","","","D","Unknown","UNKNOWN","30","","Risk-On","","","none","high","BAG_HOLDER (bag-holder flagged); ","Reset / overhead supply absorption (multi-week base)",""
"2026-05-06","2026-05-07","2026-05-06","VECO","","","","","C","Unknown","UNKNOWN","30","","Risk-On","","","none","high","[Gate 6.5 EP_SPIKE Day-1]: today_pct=25.2%, ep_gap=25.7%, vol=4.46x; force-WATCH per V5.6, not focus-eligible until Day-2/3 reset; ","Day-2 reset fails (no inside-day, gap-down to or below today's low)",""
"2026-05-06","2026-05-07","2026-05-06","DVA","","","","","D","Unknown","UNKNOWN","30","","Risk-On","","","none","high","BAG_HOLDER (bag-holder flagged); ","Reset / overhead supply absorption (multi-week base)",""
"2026-05-06","2026-05-07","2026-05-06","ACLS","","","","","C","Unknown","UNKNOWN","30","","Risk-On","","","none","high","[Gate 6.5 EP_SPIKE Day-1]: today_pct=22.4%, ep_gap=12.6%, vol=2.59x; force-WATCH per V5.6, not focus-eligible until Day-2/3 reset; ","Day-2 reset fails (no inside-day, gap-down to or below today's low)",""
"2026-05-06","2026-05-07","2026-05-06","SHAZ","","","","","C","Unknown","UNKNOWN","30","","Risk-On","","","none","high","[Gate 6.5 EP_SPIKE Day-1]: today_pct=21.8%, ep_gap=0.0%, vol=3.24x; force-WATCH per V5.6, not focus-eligible until Day-2/3 reset; ","Day-2 reset fails (no inside-day, gap-down to or below today's low)",""
"2026-05-06","2026-05-07","2026-05-06","QMCO","","","","","D","Unknown","UNKNOWN","30","","Risk-On","","","none","high","BAG_HOLDER (bag-holder flagged); ","Reset / overhead supply absorption (multi-week base)",""
"2026-05-06","2026-05-07","2026-05-06","BTDR","","","","","D","Unknown","UNKNOWN","30","","Risk-On","","","none","high","BAG_HOLDER (bag-holder flagged); ","Reset / overhead supply absorption (multi-week base)",""
"2026-05-06","2026-05-07","2026-05-06","GEO","","","","","C","Unknown","UNKNOWN","30","","Risk-On","","","none","high","[Gate 6.5 EP_SPIKE Day-1]: today_pct=20.9%, ep_gap=15.5%, vol=2.51x; force-WATCH per V5.6, not focus-eligible until Day-2/3 reset; ","Day-2 reset fails (no inside-day, gap-down to or below today's low)",""
"2026-05-06","2026-05-07","2026-05-06","FLYW","","","","","D","Unknown","UNKNOWN","30","","Risk-On","","","none","high","BAG_HOLDER (bag-holder flagged); ","Reset / overhead supply absorption (multi-week base)",""
"2026-05-06","2026-05-07","2026-05-06","IMSR","","","","","B","Pre_Earnings_Spike","B","65","","Risk-On","8.754999732971191","7.619999885559082","none","medium","[B_PLUS_DAY2_COUNCIL]: [DTE=5]: pre-earnings tactical flat trade candidate (entry tomorrow, exit by DTE-1 close); swing entry blocked by V5.2.3 DTE 3-7 bucket. R:R if entered: target=$12.50, R:R=3.30R PASS. [DTE verified: 2026-05-14, DTE=5]: confirmed.","Day-2 trigger fails (open below today's low or no reset)",""
"2026-05-06","2026-05-07","2026-05-06","AMD","","","","","C","Unknown","UNKNOWN","30","","Risk-On","","","none","medium","[Gate 6 fail (extended-severe)]: extension_severity=severe (distance=34.5%)","Severe extension; need 5-EMA reset",""
"2026-05-06","2026-05-07","2026-05-06","VRCA","","","","","D","Unknown","UNKNOWN","30","","Risk-On","","","none","high","BAG_HOLDER (bag-holder flagged); ","Reset / overhead supply absorption (multi-week base)",""
"2026-05-06","2026-05-07","2026-05-06","WOLF","","","","","C","Unknown","UNKNOWN","30","","Risk-On","","","none","medium","[Gate 6 fail (extended-severe)]: extension_severity=severe (distance=47.9%)","Severe extension; need 5-EMA reset",""
"2026-05-06","2026-05-07","2026-05-06","CXDO","","","","","D","Unknown","UNKNOWN","30","","Risk-On","","","none","high","BAG_HOLDER (bag-holder flagged); ","Reset / overhead supply absorption (multi-week base)",""
"2026-05-06","2026-05-07","2026-05-06","RIOT","","","","","D","Unknown","UNKNOWN","30","","Risk-On","","","none","high","BAG_HOLDER (bag-holder flagged); ","Reset / overhead supply absorption (multi-week base)",""
"2026-05-06","2026-05-07","2026-05-06","OKLO","","","","","B","Unknown","UNKNOWN","30","","Risk-On","80.08000183105469","69.25","none","medium","[DTE=UNVERIFIED — pending research]","DTE verification pending",""
"2026-05-06","2026-05-07","2026-05-06","TGTX","","","","","D","Unknown","UNKNOWN","30","","Risk-On","","","none","high","BAG_HOLDER (bag-holder flagged); ","Reset / overhead supply absorption (multi-week base)",""
"2026-05-06","2026-05-07","2026-05-06","TAOX","","","","","D","Unknown","UNKNOWN","30","","Risk-On","","","none","high","BAG_HOLDER (bag-holder flagged); ","Reset / overhead supply absorption (multi-week base)",""
"2026-05-06","2026-05-07","2026-05-06","ARM","","","","","C","Unknown","UNKNOWN","30","","Risk-On","","","none","medium","[Gate 6 fail (extended-severe)]: extension_severity=severe (distance=23.7%)","Severe extension; need 5-EMA reset",""
"2026-05-06","2026-05-07","2026-05-06","MRAM","","","","","B","Unknown","UNKNOWN","30","","Risk-On","22.690000534057617","18.5","none","medium","[Gate 1 fail]: today_high=21.99 < pause_high=22.69 (no trigger reached)","Trigger fails to reach pause_high",""
"2026-05-06","2026-05-07","2026-05-06","AOSL","","","","","C","Unknown","UNKNOWN","30","","Risk-On","","","none","medium","[Gate 6 fail (extended-severe)]: extension_severity=severe (distance=30.0%)","Severe extension; need 5-EMA reset",""
"2026-05-06","2026-05-07","2026-05-06","AMWL","","","","","B","Unknown","UNKNOWN","30","","Risk-On","7.699999809265137","7.010000228881836","none","medium","[Gate 4 fail]: CPR=20.3% < 30% close-quality floor","Close in lower 30% of range",""
"2026-05-06","2026-05-07","2026-05-06","GLW","","","","","D","Unknown","UNKNOWN","30","","Risk-On","","","none","high","BAG_HOLDER (bag-holder flagged); ","Reset / overhead supply absorption (multi-week base)",""
"2026-05-06","2026-05-07","2026-05-06","NGNE","","","","","D","Unknown","UNKNOWN","30","","Risk-On","","","none","high","BAG_HOLDER (bag-holder flagged); ","Reset / overhead supply absorption (multi-week base)",""
"2026-05-06","2026-05-07","2026-05-06","IREN","","","","","D","Unknown","UNKNOWN","30","","Risk-On","","","none","high","BAG_HOLDER (bag-holder flagged); ","Reset / overhead supply absorption (multi-week base)",""
"2026-05-06","2026-05-07","2026-05-06","KVHI","3","TAKE","MB+EP","ep","C","Earnings_Q1","C","55","","Risk-On","","","none","high","[Liquidity sub-floor]: ADV=$1.35M (below $5M Bonde floor); not actionable for swing entry; ","Liquidity expansion to >$5M ADV",""
"2026-05-06","2026-05-07","2026-05-06","CORZ","","","","","D","Unknown","UNKNOWN","30","","Risk-On","","","none","high","BAG_HOLDER (bag-holder flagged); ","Reset / overhead supply absorption (multi-week base)",""
"2026-05-06","2026-05-07","2026-05-06","APLD","","","","","D","Unknown","UNKNOWN","30","","Risk-On","","","none","high","BAG_HOLDER (bag-holder flagged); ","Reset / overhead supply absorption (multi-week base)",""
"2026-05-06","2026-05-07","2026-05-06","INBX","","","","","C","Unknown","UNKNOWN","30","","Risk-On","","","none","medium","[Gate 6 fail (extended-severe)]: extension_severity=severe (distance=28.5%)","Severe extension; need 5-EMA reset",""
"2026-05-06","2026-05-07","2026-05-06","QBTS","","","","","D","Unknown","UNKNOWN","30","","Risk-On","","","none","high","BAG_HOLDER (bag-holder flagged); ","Reset / overhead supply absorption (multi-week base)",""
"2026-05-06","2026-05-07","2026-05-06","OSCR","","","","","B","Unknown","UNKNOWN","30","","Risk-On","20.075000762939453","18.1200008392334","none","medium","[DTE=UNVERIFIED — pending research]","DTE verification pending",""
"2026-05-06","2026-05-07","2026-05-06","ELA","","","","","B","Unknown","UNKNOWN","30","","Risk-On","19.43000030517578","17.209999084472656","none","medium","[DTE=UNVERIFIED — pending research]","DTE verification pending",""
"2026-05-06","2026-05-07","2026-05-06","JBL","10","TAKE","MB","mb","B","Sympathy_Q1","B","70","","Risk-On","372.4599853515625","351.5","none","medium","Multiple A2 blockers (C3,C1); not B+. [DTE verified: 2026-06-17, DTE=28]","Multi-condition reset required",""
"2026-05-06","2026-05-07","2026-05-06","HNGE","","","","","D","Unknown","UNKNOWN","30","","Risk-On","","","none","high","BAG_HOLDER (bag-holder flagged); ","Reset / overhead supply absorption (multi-week base)",""
"2026-05-06","2026-05-07","2026-05-06","RMBS","","","","","B","Unknown","UNKNOWN","30","","Risk-On","132.50999450683594","121.0","none","medium","[DTE=UNVERIFIED — pending research]","DTE verification pending",""
"2026-05-06","2026-05-07","2026-05-06","URGN","","","","","D","Unknown","UNKNOWN","30","","Risk-On","","","none","high","BAG_HOLDER (bag-holder flagged); ","Reset / overhead supply absorption (multi-week base)",""
"2026-05-06","2026-05-07","2026-05-06","RUM","","","","","C","Unknown","UNKNOWN","30","","Risk-On","","","none","medium","[Gate 6 fail (extended-severe)]: extension_severity=severe (distance=21.3%)","Severe extension; need 5-EMA reset",""
"2026-05-06","2026-05-07","2026-05-06","LAR","","","","","B","Unknown","UNKNOWN","30","","Risk-On","11.510000228881836","10.109999656677246","none","medium","[Gate 2 fail]: vol=1.44x (below 1.5x floor)","Insufficient volume confirmation",""
"2026-05-06","2026-05-07","2026-05-06","STRL","","","","","C","Unknown","UNKNOWN","30","","Risk-On","","","none","medium","[Gate 6 fail (extended-severe)]: extension_severity=severe (distance=63.8%)","Severe extension; need 5-EMA reset",""
"2026-05-06","2026-05-07","2026-05-06","LIFE","","","","","D","Unknown","UNKNOWN","30","","Risk-On","","","none","high","BAG_HOLDER (bag-holder flagged); ","Reset / overhead supply absorption (multi-week base)",""
"2026-05-06","2026-05-07","2026-05-06","TX","","","","","B","Unknown","UNKNOWN","30","","Risk-On","49.68999862670898","45.435001373291016","none","medium","[DTE=UNVERIFIED — pending research]","DTE verification pending",""
"2026-05-06","2026-05-07","2026-05-06","WULF","","","","","D","Unknown","UNKNOWN","30","","Risk-On","","","none","high","BAG_HOLDER (bag-holder flagged); ","Reset / overhead supply absorption (multi-week base)",""
"2026-05-06","2026-05-07","2026-05-06","WYFI","","","","","D","Unknown","UNKNOWN","30","","Risk-On","","","none","high","BAG_HOLDER (bag-holder flagged); ","Reset / overhead supply absorption (multi-week base)",""
"2026-05-06","2026-05-07","2026-05-06","IONQ","","","","","C","Unknown","UNKNOWN","30","","Risk-On","","","none","medium","[Gate 6 fail (extended-severe)]: extension_severity=severe (distance=23.0%)","Severe extension; need 5-EMA reset",""
"2026-05-06","2026-05-07","2026-05-06","QUBT","","","","","D","Unknown","UNKNOWN","30","","Risk-On","","","none","high","BAG_HOLDER (bag-holder flagged); ","Reset / overhead supply absorption (multi-week base)",""
"2026-05-06","2026-05-07","2026-05-06","TKR","2","TAKE","MB+EP","ep","B","Earnings_Q1","B","75","","Risk-On","123.76999816894532","113.42749786376952","none","medium","[B_PLUS_DAY2_COUNCIL]: [V5.9 R:R floor]: target=$130.00 (60-day swing high projection ~$130), R:R=0.60R (FAIL vs 2.0 floor); wide Day-1 range, tomorrow inside-day or 5/10-EMA pullback may produce acceptable R:R against tighter invalidation. [DTE verified: 2026-08-05, DTE=62]: confirmed.","Day-2 trigger fails (open below today's low or no reset)",""
"2026-05-06","2026-05-07","2026-05-06","CXW","11","TAKE","MB","mb","D","Pre_Earnings_Spike","D","30","","Risk-On","","","none","high","[DTE verified: 2026-05-06, DTE=0]: V5.2.3 imminent-earnings REJECT","Earnings binary tonight/tomorrow",""
"2026-05-06","2026-05-07","2026-05-06","HPP","","","","","B","Unknown","UNKNOWN","30","","Risk-On","10.729999542236328","9.720000267028809","none","medium","[Gate 2 fail]: vol=1.49x (below 1.5x floor)","Insufficient volume confirmation",""
"2026-05-06","2026-05-07","2026-05-06","AEVA","","","","","B","Unknown","UNKNOWN","30","","Risk-On","16.899999618530273","14.900099754333496","none","medium","[Gate 1 fail]: today_high=16.80 < pause_high=16.90 (no trigger reached)","Trigger fails to reach pause_high",""
"2026-05-06","2026-05-07","2026-05-06","POWL","","","","","C","Unknown","UNKNOWN","30","","Risk-On","","","none","medium","[Gate 6 fail (extended-severe)]: extension_severity=severe (distance=26.5%)","Severe extension; need 5-EMA reset",""
"2026-05-06","2026-05-07","2026-05-06","TIC","4","TAKE","MB+EP","ep","B","Earnings_Beat_Q1","B","70","","Risk-On","10.575000381469728","9.75","none","medium","[B_PLUS_DAY2_COUNCIL]: Day-2 confirmation needed after strong catalyst bar; V5.1 Gates 1-4 PASS, vol 2.27x, CPR 77.2%, but Day-1 entry would chase (CPR≥95 or moderate extension) — wait for inside-day or 5/10-EMA pullback. R:R at static EOD: target=$12.50, R:R=2.33R. [DTE verified: 2026-08-05, DTE=62]: confirmed.","Day-2 trigger fails (open below today's low or no reset)",""
"2026-05-06","2026-05-07","2026-05-06","DSGN","","","","","B","Unknown","UNKNOWN","30","","Risk-On","17.25","12.970000267028809","none","medium","[Gate 1 fail]: today_high=14.58 < pause_high=17.25 (no trigger reached)","Trigger fails to reach pause_high",""
"2026-05-06","2026-05-07","2026-05-06","SPCB","","","","","B","Unknown","UNKNOWN","30","","Risk-On","11.25","10.039999961853027","none","medium","[DTE=UNVERIFIED — pending research]","DTE verification pending",""
"2026-05-06","2026-05-07","2026-05-06","UFCS","6","TAKE","MB+EP","ep","C","Earnings_Q1","B","60","","Risk-On","","","none","high","[Liquidity sub-floor]: ADV=$4.25M (below $5M Bonde floor); not actionable for swing entry; ","Liquidity expansion to >$5M ADV",""
"2026-05-06","2026-05-07","2026-05-06","RXO","","","","","B","Unknown","UNKNOWN","30","","Risk-On","20.3799991607666","18.600000381469727","none","medium","[Gate 1 fail]: today_high=19.99 < pause_high=20.38 (no trigger reached)","Trigger fails to reach pause_high",""
"2026-05-06","2026-05-07","2026-05-06","LRCX","","","","","D","Unknown","UNKNOWN","30","","Risk-On","","","none","high","BAG_HOLDER (bag-holder flagged); ","Reset / overhead supply absorption (multi-week base)",""
"2026-05-06","2026-05-07","2026-05-06","JAZZ","","","","","D","Unknown","UNKNOWN","30","","Risk-On","","","none","high","BAG_HOLDER (bag-holder flagged); ","Reset / overhead supply absorption (multi-week base)",""
"2026-05-06","2026-05-07","2026-05-06","CVS","5","TAKE","MB+9M","mb","A2","Earnings_Beat_Q1","B","75","","Risk-On","88.73","85.22","284 shares (~1% account risk; ~25% of $100K)","high","V5.1 PASS (vol=1.96x ≥1.5; CPR=48.1% ≥30; fresh trigger above prior_high & pause_high); ext=mild; consec_up=1; bag_holder=False; [DTE verified: 2026-07-30, DTE=56] ✓ [V5.9 R:R floor]: target=$100.00 (round-number resistance + 2026 sell-side target zone $95-100), R:R=3.21R (PASS vs 2.0 floor)","Close back below prior_high or trigger fails (close < $85.22)",""
"2026-05-06","2026-05-07","2026-05-06","FTRE","","","","","D","Unknown","UNKNOWN","30","","Risk-On","","","none","high","BAG_HOLDER (bag-holder flagged); ","Reset / overhead supply absorption (multi-week base)",""
"2026-05-06","2026-05-07","2026-05-06","SANM","","","","","C","Unknown","UNKNOWN","30","","Risk-On","","","none","medium","[Gate 6 fail (extended-severe)]: extension_severity=severe (distance=25.2%)","Severe extension; need 5-EMA reset",""
"2026-05-06","2026-05-07","2026-05-06","MDGL","","","","","B","Unknown","UNKNOWN","30","","Risk-On","557.9749755859375","519.8800048828125","none","medium","[DTE=UNVERIFIED — pending research]","DTE verification pending",""
"2026-05-06","2026-05-07","2026-05-06","DEI","","","","","D","Unknown","UNKNOWN","30","","Risk-On","","","none","high","BAG_HOLDER (bag-holder flagged); ","Reset / overhead supply absorption (multi-week base)",""
"2026-05-06","2026-05-07","2026-05-06","HELE","","","","","B","Unknown","UNKNOWN","30","","Risk-On","25.795000076293945","24.020000457763672","none","medium","[DTE=UNVERIFIED — pending research]","DTE verification pending",""
"2026-05-06","2026-05-07","2026-05-06","ICHR","","","","","B","Unknown","UNKNOWN","30","","Risk-On","72.55000305175781","66.45999908447266","none","medium","[Gate 2 fail]: vol=1.47x (below 1.5x floor)","Insufficient volume confirmation",""
"2026-05-06","2026-05-07","2026-05-06","CGNT","","","","","B","Unknown","UNKNOWN","30","","Risk-On","10.744999885559082","10.100000381469728","none","medium","[DTE=UNVERIFIED — pending research]","DTE verification pending",""
"2026-05-06","2026-05-07","2026-05-06","PENG","","","","","D","Unknown","UNKNOWN","30","","Risk-On","","","none","high","BAG_HOLDER (bag-holder flagged); ","Reset / overhead supply absorption (multi-week base)",""
"2026-05-06","2026-05-07","2026-05-06","ST","","","","","B","Unknown","UNKNOWN","30","","Risk-On","45.834999084472656","44.0","none","medium","[DTE=UNVERIFIED — pending research]","DTE verification pending",""
"2026-05-06","2026-05-07","2026-05-06","ZGN","12","TAKE","MB","mb","B","Earnings_Continuation","B","70","","Risk-On","13.16999969482422","12.44499969482422","none","medium","[B_PLUS_DAY2_COUNCIL]: [V5.9 R:R floor]: target=$14.50 (prior 2024 mid-teens range; round-number resistance), R:R=1.83R (FAIL vs 2.0 floor); wide Day-1 range, tomorrow inside-day or 5/10-EMA pullback may produce acceptable R:R against tighter invalidation. [DTE verified: 2026-08-01, DTE=58]: confirmed.","Day-2 trigger fails (open below today's low or no reset)",""
"2026-05-06","2026-05-07","2026-05-06","MP","","","","","B","Unknown","UNKNOWN","30","","Risk-On","73.0999984741211","67.62010192871094","none","medium","[DTE=UNVERIFIED — pending research]","DTE verification pending",""
"2026-05-06","2026-05-07","2026-05-06","CLYM","","","","","D","Unknown","UNKNOWN","30","","Risk-On","","","none","high","BAG_HOLDER (bag-holder flagged); ","Reset / overhead supply absorption (multi-week base)",""
"2026-05-06","2026-05-07","2026-05-06","MD","","","","","C","Unknown","UNKNOWN","30","","Risk-On","23.1200008392334","21.229999542236328","none","high","[Gate 3 fail]: failed-trigger reversal — high 23.56 > pause_high 23.12 but close 22.21 < pause_high","No reset; gap-down",""
"2026-05-06","2026-05-07","2026-05-06","INTT","","","","","B","Unknown","UNKNOWN","30","","Risk-On","20.0","16.450000762939453","none","medium","[Gate 1 fail]: today_high=18.06 < pause_high=20.00 (no trigger reached)","Trigger fails to reach pause_high",""
"2026-05-06","2026-05-07","2026-05-06","TLN","","","","","D","Unknown","UNKNOWN","30","","Risk-On","","","none","high","BAG_HOLDER (bag-holder flagged); ","Reset / overhead supply absorption (multi-week base)",""
"2026-05-06","2026-05-07","2026-05-06","NPCE","","","","","B","Unknown","UNKNOWN","30","","Risk-On","18.459999084472656","16.719999313354492","none","medium","[DTE=UNVERIFIED — pending research]","DTE verification pending",""
"2026-05-06","2026-05-07","2026-05-06","LUMN","","","","","B","Unknown","UNKNOWN","30","","Risk-On","9.9350004196167","8.38070011138916","none","medium","[DTE=UNVERIFIED — pending research]","DTE verification pending",""
"2026-05-06","2026-05-07","2026-05-06","CMI","14","TAKE","MB","mb","B","Earnings_Continuation","B","75","","Risk-On","717.4300170898438","690.0","none","medium","Multiple A2 blockers (C3,C1); not B+. [DTE verified: 2026-08-05, DTE=62]","Multi-condition reset required",""
"2026-05-06","2026-05-07","2026-05-06","ZVRA","15","TAKE","MB","mb","D","Pre_Earnings_Spike","D","30","","Risk-On","","","none","high","[DTE verified: 2026-05-06, DTE=0]: V5.2.3 imminent-earnings REJECT","Earnings binary tonight/tomorrow",""
"2026-05-06","2026-05-07","2026-05-06","IART","","","","","C","Unknown","UNKNOWN","30","","Risk-On","","","none","medium","[Gate 6 fail (extended-severe)]: extension_severity=severe (distance=27.3%)","Severe extension; need 5-EMA reset",""
"2026-05-06","2026-05-07","2026-05-06","CGNX","","","","","D","Unknown","UNKNOWN","30","","Risk-On","","","none","high","BAG_HOLDER (bag-holder flagged); ","Reset / overhead supply absorption (multi-week base)",""
"2026-05-06","2026-05-07","2026-05-06","SRPT","","","","","B","Unknown","UNKNOWN","30","","Risk-On","23.489999771118164","21.63999938964844","none","medium","[DTE=UNVERIFIED — pending research]","DTE verification pending",""
"2026-05-06","2026-05-07","2026-05-06","POET","","","","","B","Unknown","UNKNOWN","30","","Risk-On","10.119999885559082","8.850000381469727","none","medium","[DTE=UNVERIFIED — pending research]","DTE verification pending",""
"2026-05-06","2026-05-07","2026-05-06","GHRS","","","","","B","Unknown","UNKNOWN","30","","Risk-On","22.8799991607666","21.309999465942383","none","medium","[DTE=UNVERIFIED — pending research]","DTE verification pending",""
"2026-05-06","2026-05-07","2026-05-06","SYM","","","","","B","Unknown","UNKNOWN","30","","Risk-On","62.834999084472656","59.02000045776367","none","medium","[DTE=UNVERIFIED — pending research]","DTE verification pending",""
"2026-05-06","2026-05-07","2026-05-06","EAF","","","","","B","Unknown","UNKNOWN","30","","Risk-On","10.1899995803833","8.930000305175781","none","medium","[Gate 1 fail]: today_high=9.51 < pause_high=10.19 (no trigger reached)","Trigger fails to reach pause_high",""
"2026-05-06","2026-05-07","2026-05-06","IMTX","","","","","C","Unknown","UNKNOWN","30","","Risk-On","11.64900016784668","10.859999656677246","none","high","[Gate 3 fail]: failed-trigger reversal — high 11.67 > pause_high 11.65 but close 11.51 < pause_high","No reset; gap-down",""
"2026-05-06","2026-05-07","2026-05-06","WERN","","","","","B","Unknown","UNKNOWN","30","","Risk-On","38.459999084472656","35.029998779296875","none","medium","[Gate 1 fail]: today_high=36.69 < pause_high=38.46 (no trigger reached)","Trigger fails to reach pause_high",""
"2026-05-06","2026-05-07","2026-05-06","ADEA","13","TAKE","MB","mb","B","Earnings_recovery","C","40","","Risk-On","34.34000015258789","27.15999984741211","none","medium","[Gate 1 fail]: today_high=29.35 < pause_high=34.34 (no trigger reached)","Trigger fails to reach pause_high",""
"2026-05-06","2026-05-07","2026-05-06","CRML","","","","","D","Unknown","UNKNOWN","30","","Risk-On","","","none","high","BAG_HOLDER (bag-holder flagged); ","Reset / overhead supply absorption (multi-week base)",""
"2026-05-06","2026-05-07","2026-05-06","VSH","","","","","D","Unknown","UNKNOWN","30","","Risk-On","","","none","high","BAG_HOLDER (bag-holder flagged); ","Reset / overhead supply absorption (multi-week base)",""
"2026-05-06","2026-05-07","2026-05-06","MCHP","","","","","D","Unknown","UNKNOWN","30","","Risk-On","","","none","high","BAG_HOLDER (bag-holder flagged); ","Reset / overhead supply absorption (multi-week base)",""
"2026-05-06","2026-05-07","2026-05-06","WT","","","","","D","Unknown","UNKNOWN","30","","Risk-On","","","none","high","BAG_HOLDER (bag-holder flagged); ","Reset / overhead supply absorption (multi-week base)",""
"2026-05-06","2026-05-07","2026-05-06","INTC","","","","","B","Unknown","UNKNOWN","30","","Risk-On","113.5","106.5801010131836","none","medium","[Gate 2 fail]: vol=1.41x (below 1.5x floor)","Insufficient volume confirmation",""
"2026-05-06","2026-05-07","2026-05-06","SITM","","","","","D","Unknown","UNKNOWN","30","","Risk-On","","","none","high","BAG_HOLDER (bag-holder flagged); ","Reset / overhead supply absorption (multi-week base)",""
"2026-05-06","2026-05-07","2026-05-06","LFUS","","","","","B","Unknown","UNKNOWN","30","","Risk-On","475.0","430.0","none","medium","[Gate 4 fail]: CPR=25.9% < 30% close-quality floor","Close in lower 30% of range",""
"2026-05-06","2026-05-07","2026-05-06","AGM","","","","","B","Unknown","UNKNOWN","30","","Risk-On","186.0","174.63999938964844","none","medium","[DTE=UNVERIFIED — pending research]","DTE verification pending",""
"2026-05-06","2026-05-07","2026-05-06","KNX","","","","","B","Unknown","UNKNOWN","30","","Risk-On","66.58000183105469","61.43999862670898","none","medium","[Gate 1 fail]: today_high=65.29 < pause_high=66.58 (no trigger reached)","Trigger fails to reach pause_high",""
"2026-05-06","2026-05-07","2026-05-06","WLFC","","","","","D","Unknown","UNKNOWN","30","","Risk-On","","","none","high","BAG_HOLDER (bag-holder flagged); ","Reset / overhead supply absorption (multi-week base)",""
"2026-05-06","2026-05-07","2026-05-06","AIP","","","","","C","Unknown","UNKNOWN","30","","Risk-On","","","none","medium","[Gate 6 fail (extended-severe)]: extension_severity=severe (distance=25.1%)","Severe extension; need 5-EMA reset",""
"2026-05-06","2026-05-07","2026-05-06","RRX","","","","","B","Unknown","UNKNOWN","30","","Risk-On","236.33999633789065","225.75999450683597","none","medium","[DTE=UNVERIFIED — pending research]","DTE verification pending",""
"2026-05-06","2026-05-07","2026-05-06","CYRX","","","","","C","Unknown","UNKNOWN","30","","Risk-On","","","none","medium","[Gate 6 fail (extended-severe)]: extension_severity=severe (distance=22.5%)","Severe extension; need 5-EMA reset",""
"2026-05-06","2026-05-07","2026-05-06","MPWR","","","","","B","Unknown","UNKNOWN","30","","Risk-On","1662.0","1556.31005859375","none","medium","[Gate 2 fail]: vol=1.46x (below 1.5x floor)","Insufficient volume confirmation",""
"2026-05-06","2026-05-07","2026-05-06","ELV","","","","","C","Unknown","UNKNOWN","30","","Risk-On","","","none","medium","PAUSE/ANTICIPATION with intraday move 1.53% PAUSE/ANT, ext=nan, no trigger today","No trigger",""
"2026-05-06","2026-05-07","2026-05-06","JAN","","","","","C","Unknown","UNKNOWN","30","","Risk-On","","","none","medium","PAUSE/ANTICIPATION with intraday move 0.91% PAUSE/ANT, ext=nan, no trigger today","No trigger",""
"2026-05-06","2026-05-07","2026-05-06","AVTX","","","","","D","Unknown","UNKNOWN","30","","Risk-On","","","none","high","BAG_HOLDER (bag-holder flagged); ","Reset / overhead supply absorption (multi-week base)",""
"2026-05-06","2026-05-07","2026-05-06","SLP","","","","","D","Unknown","UNKNOWN","30","","Risk-On","","","none","high","BAG_HOLDER (bag-holder flagged); ","Reset / overhead supply absorption (multi-week base)",""
"2026-05-06","2026-05-07","2026-05-06","BLMN","","","","","C","Unknown","UNKNOWN","30","","Risk-On","","","none","high","[Gate 6.5 EP_SPIKE Day-1]: today_pct=41.0%, ep_gap=22.6%, vol=3.90x; force-WATCH per V5.6, not focus-eligible until Day-2/3 reset; ","Day-2 reset fails (no inside-day, gap-down to or below today's low)",""
"2026-05-06","2026-05-07","2026-05-06","COMP","","","","","C","Unknown","UNKNOWN","30","","Risk-On","","","none","high","[Gate 6.5 EP_SPIKE Day-1]: today_pct=27.3%, ep_gap=27.8%, vol=2.46x; force-WATCH per V5.6, not focus-eligible until Day-2/3 reset; ","Day-2 reset fails (no inside-day, gap-down to or below today's low)",""
"2026-05-06","2026-05-07","2026-05-06","IMSR","","","","","B","Pre_Earnings_Spike","B","65","","Risk-On","8.754999732971191","7.619999885559082","none","medium","[B_PLUS_DAY2_COUNCIL]: [DTE=5]: pre-earnings tactical flat trade candidate (entry tomorrow, exit by DTE-1 close); swing entry blocked by V5.2.3 DTE 3-7 bucket. R:R if entered: target=$12.50, R:R=3.30R PASS. [DTE verified: 2026-05-14, DTE=5]: confirmed.","Day-2 trigger fails (open below today's low or no reset)",""
"2026-05-06","2026-05-07","2026-05-06","VCYT","","","","","C","Unknown","UNKNOWN","30","","Risk-On","","","none","high","[Gate 6.5 EP_SPIKE Day-1]: today_pct=24.9%, ep_gap=17.3%, vol=3.29x; force-WATCH per V5.6, not focus-eligible until Day-2/3 reset; ","Day-2 reset fails (no inside-day, gap-down to or below today's low)",""
"2026-05-06","2026-05-07","2026-05-06","CXDO","","","","","D","Unknown","UNKNOWN","30","","Risk-On","","","none","high","BAG_HOLDER (bag-holder flagged); ","Reset / overhead supply absorption (multi-week base)",""
"2026-05-06","2026-05-07","2026-05-06","AMWL","","","","","B","Unknown","UNKNOWN","30","","Risk-On","7.699999809265137","7.010000228881836","none","medium","[Gate 4 fail]: CPR=20.3% < 30% close-quality floor","Close in lower 30% of range",""
"2026-05-06","2026-05-07","2026-05-06","BXC","","","","","C","Unknown","UNKNOWN","30","","Risk-On","","","none","high","[Gate 6.5 EP_SPIKE Day-1]: today_pct=27.1%, ep_gap=18.8%, vol=2.78x; force-WATCH per V5.6, not focus-eligible until Day-2/3 reset; ","Day-2 reset fails (no inside-day, gap-down to or below today's low)",""
"2026-05-06","2026-05-07","2026-05-06","SMCI","","","","","C","Unknown","UNKNOWN","30","","Risk-On","","","none","high","[Gate 6.5 EP_SPIKE Day-1]: today_pct=24.5%, ep_gap=13.2%, vol=3.46x; force-WATCH per V5.6, not focus-eligible until Day-2/3 reset; ","Day-2 reset fails (no inside-day, gap-down to or below today's low)",""
"2026-05-06","2026-05-07","2026-05-06","GLW","","","","","D","Unknown","UNKNOWN","30","","Risk-On","","","none","high","BAG_HOLDER (bag-holder flagged); ","Reset / overhead supply absorption (multi-week base)",""
"2026-05-06","2026-05-07","2026-05-06","HNGE","","","","","D","Unknown","UNKNOWN","30","","Risk-On","","","none","high","BAG_HOLDER (bag-holder flagged); ","Reset / overhead supply absorption (multi-week base)",""
"2026-05-06","2026-05-07","2026-05-06","BV","","","","","B","Unknown","UNKNOWN","30","","Risk-On","13.239999771118164","12.510000228881836","none","medium","[DTE=UNVERIFIED — pending research]","DTE verification pending",""
"2026-05-06","2026-05-07","2026-05-06","IFF","9","TAKE","EP","ep","A2","Earnings_Beat_Q1","A","85","","Risk-On","83.99","78.28","175 shares (~1% account risk; ~15% of $100K)","high","V5.1 PASS (vol=2.97x ≥1.5; CPR=82.9% ≥30; fresh trigger above prior_high & pause_high); ext=none; consec_up=2; bag_holder=False; [DTE verified: 2026-08-05, DTE=62] ✓ [V5.9 R:R floor]: target=$96.00 (prior 2024 ATH zone $95-100; analyst median target ~$95), R:R=2.10R (PASS vs 2.0 floor)","Close back below prior_high or trigger fails (close < $78.28)",""
"2026-05-06","2026-05-07","2026-05-06","ARM","","","","","C","Unknown","UNKNOWN","30","","Risk-On","","","none","medium","[Gate 6 fail (extended-severe)]: extension_severity=severe (distance=23.7%)","Severe extension; need 5-EMA reset",""
"2026-05-06","2026-05-07","2026-05-06","NNE","","","","","C","Unknown","UNKNOWN","30","","Risk-On","","","none","high","[Gate 6.5 EP_SPIKE Day-1]: today_pct=27.7%, ep_gap=9.8%, vol=3.65x; force-WATCH per V5.6, not focus-eligible until Day-2/3 reset; ","Day-2 reset fails (no inside-day, gap-down to or below today's low)",""
"2026-05-06","2026-05-07","2026-05-06","AMD","","","","","C","Unknown","UNKNOWN","30","","Risk-On","","","none","medium","[Gate 6 fail (extended-severe)]: extension_severity=severe (distance=34.5%)","Severe extension; need 5-EMA reset",""
"2026-05-06","2026-05-07","2026-05-06","ADNT","","","","","B","Unknown","UNKNOWN","30","","Risk-On","22.82999992370605","21.530000686645508","none","medium","[DTE=UNVERIFIED — pending research]","DTE verification pending",""
"2026-05-06","2026-05-07","2026-05-06","NVAX","","","","","B","Unknown","UNKNOWN","30","","Risk-On","9.5649995803833","8.351699829101562","none","medium","[DTE=UNVERIFIED — pending research]","DTE verification pending",""
"2026-05-06","2026-05-07","2026-05-06","KVHI","3","TAKE","MB+EP","ep","C","Earnings_Q1","C","55","","Risk-On","","","none","high","[Liquidity sub-floor]: ADV=$1.35M (below $5M Bonde floor); not actionable for swing entry; ","Liquidity expansion to >$5M ADV",""
"2026-05-06","2026-05-07","2026-05-06","URGN","","","","","D","Unknown","UNKNOWN","30","","Risk-On","","","none","high","BAG_HOLDER (bag-holder flagged); ","Reset / overhead supply absorption (multi-week base)",""
"2026-05-06","2026-05-07","2026-05-06","TKR","2","TAKE","MB+EP","ep","B","Earnings_Q1","B","75","","Risk-On","123.76999816894532","113.42749786376952","none","medium","[B_PLUS_DAY2_COUNCIL]: [V5.9 R:R floor]: target=$130.00 (60-day swing high projection ~$130), R:R=0.60R (FAIL vs 2.0 floor); wide Day-1 range, tomorrow inside-day or 5/10-EMA pullback may produce acceptable R:R against tighter invalidation. [DTE verified: 2026-08-05, DTE=62]: confirmed.","Day-2 trigger fails (open below today's low or no reset)",""
"2026-05-06","2026-05-07","2026-05-06","SSRM","","","","","B","Unknown","UNKNOWN","30","","Risk-On","34.150001525878906","31.799999237060547","none","medium","[Gate 2 fail]: vol=1.41x (below 1.5x floor)","Insufficient volume confirmation",""
"2026-05-06","2026-05-07","2026-05-06","NBIX","","","","","D","Unknown","UNKNOWN","30","","Risk-On","","","none","high","BAG_HOLDER (bag-holder flagged); ","Reset / overhead supply absorption (multi-week base)",""
"2026-05-06","2026-05-07","2026-05-06","REYN","","","","","B","Unknown","UNKNOWN","30","","Risk-On","22.5","21.36000061035156","none","medium","[DTE=UNVERIFIED — pending research]","DTE verification pending",""
"2026-05-06","2026-05-07","2026-05-06","CORZ","","","","","D","Unknown","UNKNOWN","30","","Risk-On","","","none","high","BAG_HOLDER (bag-holder flagged); ","Reset / overhead supply absorption (multi-week base)",""
"2026-05-06","2026-05-07","2026-05-06","RIOT","","","","","D","Unknown","UNKNOWN","30","","Risk-On","","","none","high","BAG_HOLDER (bag-holder flagged); ","Reset / overhead supply absorption (multi-week base)",""
"2026-05-06","2026-05-07","2026-05-06","PFGC","","","","","B","Unknown","UNKNOWN","30","","Risk-On","96.41000366210938","92.02999877929688","none","medium","[Gate 4 fail]: CPR=19.4% < 30% close-quality floor","Close in lower 30% of range",""
"2026-05-06","2026-05-07","2026-05-06","MRCY","","","","","B","Unknown","UNKNOWN","30","","Risk-On","91.91999816894533","80.7750015258789","none","medium","[DTE=UNVERIFIED — pending research]","DTE verification pending",""
"2026-05-06","2026-05-07","2026-05-06","XPEL","","","","","C","Unknown","UNKNOWN","30","","Risk-On","49.61000061035156","43.4900016784668","none","high","[Gate 3 fail]: failed-trigger reversal — high 52.65 > pause_high 49.61 but close 43.53 < pause_high","No reset; gap-down",""
"2026-05-06","2026-05-07","2026-05-06","MASS","","","","","B","Unknown","UNKNOWN","30","","Risk-On","8.199999809265137","6.53000020980835","none","medium","[DTE=UNVERIFIED — pending research]","DTE verification pending",""
"2026-05-06","2026-05-07","2026-05-06","ADPT","","","","","C","Unknown","UNKNOWN","30","","Risk-On","14.829999923706056","12.989999771118164","none","high","[Gate 3 fail]: failed-trigger reversal — high 14.91 > pause_high 14.83 but close 14.43 < pause_high","No reset; gap-down",""
"2026-05-06","2026-05-07","2026-05-06","JAZZ","","","","","D","Unknown","UNKNOWN","30","","Risk-On","","","none","high","BAG_HOLDER (bag-holder flagged); ","Reset / overhead supply absorption (multi-week base)",""
"2026-05-06","2026-05-07","2026-05-06","UFCS","6","TAKE","MB+EP","ep","C","Earnings_Q1","B","60","","Risk-On","","","none","high","[Liquidity sub-floor]: ADV=$4.25M (below $5M Bonde floor); not actionable for swing entry; ","Liquidity expansion to >$5M ADV",""
"2026-05-06","2026-05-07","2026-05-06","NYT","","","","","B","Unknown","UNKNOWN","30","","Risk-On","87.0","81.99500274658203","none","medium","[DTE=UNVERIFIED — pending research]","DTE verification pending",""
"2026-05-06","2026-05-07","2026-05-06","EXEL","","","","","D","Unknown","UNKNOWN","30","","Risk-On","","","none","high","BAG_HOLDER (bag-holder flagged); ","Reset / overhead supply absorption (multi-week base)",""
"2026-05-06","2026-05-07","2026-05-06","TIC","4","TAKE","MB+EP","ep","B","Earnings_Beat_Q1","B","70","","Risk-On","10.575000381469728","9.75","none","medium","[B_PLUS_DAY2_COUNCIL]: Day-2 confirmation needed after strong catalyst bar; V5.1 Gates 1-4 PASS, vol 2.27x, CPR 77.2%, but Day-1 entry would chase (CPR≥95 or moderate extension) — wait for inside-day or 5/10-EMA pullback. R:R at static EOD: target=$12.50, R:R=2.33R. [DTE verified: 2026-08-05, DTE=62]: confirmed.","Day-2 trigger fails (open below today's low or no reset)",""
"2026-05-06","2026-05-07","2026-05-06","INTC","","","","","C","Unknown","UNKNOWN","30","","Risk-On","","","none","medium","[Gate 6 fail (extended-severe)]: extension_severity=severe (distance=38.8%)","Reset to 5-EMA",""
"2026-05-06","2026-05-07","2026-05-06","NXPI","","","","","C","Unknown","UNKNOWN","30","","Risk-On","","","none","medium","[Gate 6 fail (extended-severe)]: extension_severity=severe (distance=20.6%)","Reset to 5-EMA",""
"2026-05-06","2026-05-07","2026-05-06","LOVE","","","","","C","Unknown","UNKNOWN","30","","Risk-On","","","none","medium","[Liquidity sub-floor]: ADV=$4.26M","Liquidity expansion",""
"2026-05-06","2026-05-07","2026-05-06","U","","","","","B","Unknown","UNKNOWN","30","","Risk-On","27.545000076293945","26.6299991607666","none","medium","[Gate 2 fail]: vol=1.03x sub-1.5x floor on HIGHER_LOW","Volume needs to expand on retest",""
"2026-05-06","2026-05-07","2026-05-06","OGN","","","","","C","Unknown","UNKNOWN","30","","Risk-On","","","none","medium","[Gate 6 fail (extended-severe)]: extension_severity=severe (distance=22.3%)","Reset to 5-EMA",""
"2026-05-06","2026-05-07","2026-05-06","LEVI","1","TAKE","DEP","delayed_ep","B","DEP_Reclaim_Post_Q1","B","60","","Risk-On","23.065000534057617","22.57999992370605","none","medium","[Gate 2 fail]: vol=0.80x sub-1.5x floor on TIGHT_BRK","Volume needs to expand on retest",""
"2026-05-06","2026-05-07","2026-05-06","ICLR","","","","","B","Unknown","UNKNOWN","30","","Risk-On","125.65499877929688","122.10749816894533","none","medium","[Gate 2 fail]: vol=1.02x sub-1.5x floor on RECLAIM","Volume needs to expand on retest",""
"2026-05-06","2026-05-07","2026-05-06","GNRC","","","","","B","Unknown","UNKNOWN","30","","Risk-On","269.2550048828125","263.67999267578125","none","medium","[Gate 2 fail]: vol=0.77x sub-1.5x floor on RECLAIM","Volume needs to expand on retest",""
"2026-05-06","2026-05-07","2026-05-06","FGNX","","","","","C","Unknown","UNKNOWN","30","","Risk-On","","","none","medium","[Liquidity sub-floor]: ADV=$0.39M","Liquidity expansion",""
"2026-05-06","2026-05-07","2026-05-06","TXN","","","","","B","Unknown","UNKNOWN","30","","Risk-On","292.6400146484375","279.04998779296875","none","medium","[Gate 2 fail]: vol=1.43x sub-1.5x floor on RECLAIM","Volume needs to expand on retest",""
"2026-05-06","2026-05-07","2026-05-06","VEEV","","","","","C","EP9M_volume_event","C","30","","Risk-On","","","none","medium","[EP9M-only]: research/context signal; not standalone actionable per V5.0; ","No EP9M paired-stack actionability",""
"2026-05-06","2026-05-07","2026-05-06","INGM","","","","","C","EP9M_volume_event","C","30","","Risk-On","","","none","medium","[EP9M-only]: research/context signal; not standalone actionable per V5.0; ","No EP9M paired-stack actionability",""
"2026-05-06","2026-05-07","2026-05-06","MBC","","","","","C","EP9M_volume_event","C","30","","Risk-On","","","none","medium","[EP9M-only]: research/context signal; not standalone actionable per V5.0; ","No EP9M paired-stack actionability",""
"2026-05-06","2026-05-07","2026-05-06","PRIM","","","","","C","EP9M_volume_event","C","30","","Risk-On","","","none","medium","[EP9M-only]: research/context signal; not standalone actionable per V5.0; ","No EP9M paired-stack actionability",""
"2026-05-06","2026-05-07","2026-05-06","ATEC","","","","","C","EP9M_volume_event","C","30","","Risk-On","","","none","medium","[EP9M-only]: research/context signal; not standalone actionable per V5.0; ","No EP9M paired-stack actionability",""
"2026-05-06","2026-05-07","2026-05-06","CTRA","","","","","C","EP9M_volume_event","C","30","","Risk-On","","","none","medium","[EP9M-only]: research/context signal; not standalone actionable per V5.0; ","No EP9M paired-stack actionability",""
"2026-05-06","2026-05-07","2026-05-06","ETR","","","","","C","EP9M_volume_event","C","30","","Risk-On","","","none","medium","[EP9M-only]: research/context signal; not standalone actionable per V5.0; ","No EP9M paired-stack actionability",""
"2026-05-06","2026-05-07","2026-05-06","RSI","","","","","C","EP9M_volume_event","C","30","","Risk-On","","","none","medium","[EP9M-only]: research/context signal; not standalone actionable per V5.0; ","No EP9M paired-stack actionability",""
"2026-05-06","2026-05-07","2026-05-06","TECH","","","","","C","EP9M_volume_event","C","30","","Risk-On","","","none","medium","[EP9M-only]: research/context signal; not standalone actionable per V5.0; ","No EP9M paired-stack actionability",""
"2026-05-06","2026-05-07","2026-05-06","WOLF","","","","","C","EP9M_volume_event","C","30","","Risk-On","","","none","medium","[EP9M-only]: research/context signal; not standalone actionable per V5.0; ","No EP9M paired-stack actionability",""
"2026-05-06","2026-05-07","2026-05-06","ANET","","","","","C","EP9M_volume_event","C","30","","Risk-On","","","none","medium","[EP9M-only]: research/context signal; not standalone actionable per V5.0; ","No EP9M paired-stack actionability",""
"2026-05-06","2026-05-07","2026-05-06","CRBG","","","","","C","EP9M_volume_event","C","30","","Risk-On","","","none","medium","[EP9M-only]: research/context signal; not standalone actionable per V5.0; ","No EP9M paired-stack actionability",""
"2026-05-06","2026-05-07","2026-05-06","IMSR","","","","","C","EP9M_volume_event","C","30","","Risk-On","","","none","medium","[EP9M-only]: research/context signal; not standalone actionable per V5.0; ","No EP9M paired-stack actionability",""
"2026-05-06","2026-05-07","2026-05-06","KVYO","","","","","C","EP9M_volume_event","C","30","","Risk-On","","","none","medium","[EP9M-only]: research/context signal; not standalone actionable per V5.0; ","No EP9M paired-stack actionability",""
"2026-05-06","2026-05-07","2026-05-06","KNX","","","","","C","EP9M_volume_event","C","30","","Risk-On","","","none","medium","[EP9M-only]: research/context signal; not standalone actionable per V5.0; ","No EP9M paired-stack actionability",""
"2026-05-06","2026-05-07","2026-05-06","NVAX","","","","","C","EP9M_volume_event","C","30","","Risk-On","","","none","medium","[EP9M-only]: research/context signal; not standalone actionable per V5.0; ","No EP9M paired-stack actionability",""
"2026-05-06","2026-05-07","2026-05-06","ADT","","","","","C","EP9M_volume_event","C","30","","Risk-On","","","none","medium","[EP9M-only]: research/context signal; not standalone actionable per V5.0; ","No EP9M paired-stack actionability",""
"2026-05-06","2026-05-07","2026-05-06","CPNG","","","","","C","EP9M_volume_event","C","30","","Risk-On","","","none","medium","[EP9M-only]: research/context signal; not standalone actionable per V5.0; ","No EP9M paired-stack actionability",""
"2026-05-06","2026-05-07","2026-05-06","DOC","","","","","C","EP9M_volume_event","C","30","","Risk-On","","","none","medium","[EP9M-only]: research/context signal; not standalone actionable per V5.0; ","No EP9M paired-stack actionability",""
"2026-05-06","2026-05-07","2026-05-06","ARM","","","","","C","EP9M_volume_event","C","30","","Risk-On","","","none","medium","[EP9M-only]: research/context signal; not standalone actionable per V5.0; ","No EP9M paired-stack actionability",""
"2026-05-06","2026-05-07","2026-05-06","SWKS","","","","","C","EP9M_volume_event","C","30","","Risk-On","","","none","medium","[EP9M-only]: research/context signal; not standalone actionable per V5.0; ","No EP9M paired-stack actionability",""
"2026-05-06","2026-05-07","2026-05-06","KD","","","","","C","EP9M_volume_event","C","30","","Risk-On","","","none","medium","[EP9M-only]: research/context signal; not standalone actionable per V5.0; ","No EP9M paired-stack actionability",""
"2026-05-06","2026-05-07","2026-05-06","BRBR","","","","","C","EP9M_volume_event","C","30","","Risk-On","","","none","medium","[EP9M-only]: research/context signal; not standalone actionable per V5.0; ","No EP9M paired-stack actionability",""
"2026-05-06","2026-05-07","2026-05-06","OSCR","","","","","C","EP9M_volume_event","C","30","","Risk-On","","","none","medium","[EP9M-only]: research/context signal; not standalone actionable per V5.0; ","No EP9M paired-stack actionability",""
"2026-05-06","2026-05-07","2026-05-06","NI","","","","","C","EP9M_volume_event","C","30","","Risk-On","","","none","medium","[EP9M-only]: research/context signal; not standalone actionable per V5.0; ","No EP9M paired-stack actionability",""
"2026-05-06","2026-05-07","2026-05-06","FRSH","","","","","C","EP9M_volume_event","C","30","","Risk-On","","","none","medium","[EP9M-only]: research/context signal; not standalone actionable per V5.0; ","No EP9M paired-stack actionability",""
"2026-05-06","2026-05-07","2026-05-06","POET","","","","","C","EP9M_volume_event","C","30","","Risk-On","","","none","medium","[EP9M-only]: research/context signal; not standalone actionable per V5.0; ","No EP9M paired-stack actionability",""
"2026-05-06","2026-05-07","2026-05-06","MDLN","","","","","C","EP9M_volume_event","C","30","","Risk-On","","","none","medium","[EP9M-only]: research/context signal; not standalone actionable per V5.0; ","No EP9M paired-stack actionability",""
"2026-05-06","2026-05-07","2026-05-06","SHOP","","","","","C","EP9M_volume_event","C","30","","Risk-On","","","none","medium","[EP9M-only]: research/context signal; not standalone actionable per V5.0; ","No EP9M paired-stack actionability",""
"2026-05-06","2026-05-07","2026-05-06","JOBY","","","","","C","Unknown","UNKNOWN","30","","Risk-On","","","none","high","[Gate 6.5 EP_SPIKE Day-1]: today_pct=21.2%, ep_gap=2.2%, vol=2.73x; force-WATCH per V5.6, not focus-eligible until Day-2/3 reset; ","Day-2 reset fails (no inside-day, gap-down to or below today's low)",""
"2026-05-06","2026-05-07","2026-05-06","DVN","","","","","C","EP9M_volume_event","C","30","","Risk-On","","","none","medium","[EP9M-only]: research/context signal; not standalone actionable per V5.0; ","No EP9M paired-stack actionability",""
"2026-05-06","2026-05-07","2026-05-06","FCEL","","","","","C","EP9M_volume_event","C","30","","Risk-On","","","none","medium","[EP9M-only]: research/context signal; not standalone actionable per V5.0; ","No EP9M paired-stack actionability",""
"2026-05-06","2026-05-07","2026-05-06","CART","","","","","C","EP9M_volume_event","C","30","","Risk-On","","","none","medium","[EP9M-only]: research/context signal; not standalone actionable per V5.0; ","No EP9M paired-stack actionability",""
"2026-05-06","2026-05-07","2026-05-06","CELH","","","","","C","EP9M_volume_event","C","30","","Risk-On","","","none","medium","[EP9M-only]: research/context signal; not standalone actionable per V5.0; ","No EP9M paired-stack actionability",""
"2026-05-06","2026-05-07","2026-05-06","BROS","","","","","C","EP9M_volume_event","C","30","","Risk-On","","","none","medium","[EP9M-only]: research/context signal; not standalone actionable per V5.0; ","No EP9M paired-stack actionability",""
"2026-05-06","2026-05-07","2026-05-06","ELAN","","","","","C","EP9M_volume_event","C","30","","Risk-On","","","none","medium","[EP9M-only]: research/context signal; not standalone actionable per V5.0; ","No EP9M paired-stack actionability",""
"2026-05-06","2026-05-07","2026-05-06","ON","","","","","C","EP9M_volume_event","C","30","","Risk-On","","","none","medium","[EP9M-only]: research/context signal; not standalone actionable per V5.0; ","No EP9M paired-stack actionability",""
"2026-05-06","2026-05-07","2026-05-06","DIS","","","","","C","EP9M_volume_event","C","30","","Risk-On","","","none","medium","[EP9M-only]: research/context signal; not standalone actionable per V5.0; ","No EP9M paired-stack actionability",""
"2026-05-06","2026-05-07","2026-05-06","AMD","","","","","C","EP9M_volume_event","C","30","","Risk-On","","","none","medium","[EP9M-only]: research/context signal; not standalone actionable per V5.0; ","No EP9M paired-stack actionability",""
"2026-05-06","2026-05-07","2026-05-06","GPK","","","","","C","EP9M_volume_event","C","30","","Risk-On","","","none","medium","[EP9M-only]: research/context signal; not standalone actionable per V5.0; ","No EP9M paired-stack actionability",""
"2026-05-06","2026-05-07","2026-05-06","LUMN","","","","","C","EP9M_volume_event","C","30","","Risk-On","","","none","medium","[EP9M-only]: research/context signal; not standalone actionable per V5.0; ","No EP9M paired-stack actionability",""
"2026-05-06","2026-05-07","2026-05-06","UBER","","","","","C","EP9M_volume_event","C","30","","Risk-On","","","none","medium","[EP9M-only]: research/context signal; not standalone actionable per V5.0; ","No EP9M paired-stack actionability",""
"2026-05-06","2026-05-07","2026-05-06","BN","","","","","C","EP9M_volume_event","C","30","","Risk-On","","","none","medium","[EP9M-only]: research/context signal; not standalone actionable per V5.0; ","No EP9M paired-stack actionability",""
"2026-05-06","2026-05-07","2026-05-06","IONQ","","","","","C","EP9M_volume_event","C","30","","Risk-On","","","none","medium","[EP9M-only]: research/context signal; not standalone actionable per V5.0; ","No EP9M paired-stack actionability",""
"2026-05-06","2026-05-07","2026-05-06","TSCO","","","","","C","EP9M_volume_event","C","30","","Risk-On","","","none","medium","[EP9M-only]: research/context signal; not standalone actionable per V5.0; ","No EP9M paired-stack actionability",""
"2026-05-06","2026-05-07","2026-05-06","OKLO","","","","","C","EP9M_volume_event","C","30","","Risk-On","","","none","medium","[EP9M-only]: research/context signal; not standalone actionable per V5.0; ","No EP9M paired-stack actionability",""
"2026-05-06","2026-05-07","2026-05-06","UPST","","","","","C","EP9M_volume_event","C","30","","Risk-On","","","none","medium","[EP9M-only]: research/context signal; not standalone actionable per V5.0; ","No EP9M paired-stack actionability",""
"2026-05-06","2026-05-07","2026-05-06","TEM","","","","","C","EP9M_volume_event","C","30","","Risk-On","","","none","medium","[EP9M-only]: research/context signal; not standalone actionable per V5.0; ","No EP9M paired-stack actionability",""
"2026-05-06","2026-05-07","2026-05-06","QCOM","","","","","C","EP9M_volume_event","C","30","","Risk-On","","","none","medium","[EP9M-only]: research/context signal; not standalone actionable per V5.0; ","No EP9M paired-stack actionability",""
"2026-05-06","2026-05-07","2026-05-06","LCID","","","","","C","EP9M_volume_event","C","30","","Risk-On","","","none","medium","[EP9M-only]: research/context signal; not standalone actionable per V5.0; ","No EP9M paired-stack actionability",""
"2026-05-06","2026-05-07","2026-05-06","CVS","5","TAKE","MB+9M","mb","C","EP9M_volume_event","C","30","","Risk-On","","","none","medium","[EP9M-only]: research/context signal; not standalone actionable per V5.0; ","No EP9M paired-stack actionability",""
"2026-05-06","2026-05-07","2026-05-06","ACHR","","","","","C","EP9M_volume_event","C","30","","Risk-On","","","none","medium","[EP9M-only]: research/context signal; not standalone actionable per V5.0; ","No EP9M paired-stack actionability",""
"2026-05-06","2026-05-07","2026-05-06","FIS","","","","","C","EP9M_volume_event","C","30","","Risk-On","","","none","medium","[EP9M-only]: research/context signal; not standalone actionable per V5.0; ","No EP9M paired-stack actionability",""
"2026-05-06","2026-05-07","2026-05-06","ADMA","","","","","C","EP9M_volume_event","C","30","","Risk-On","","","none","medium","[EP9M-only]: research/context signal; not standalone actionable per V5.0; ","No EP9M paired-stack actionability",""
"2026-05-06","2026-05-07","2026-05-06","CCL","","","","","C","EP9M_volume_event","C","30","","Risk-On","","","none","medium","[EP9M-only]: research/context signal; not standalone actionable per V5.0; ","No EP9M paired-stack actionability",""
"2026-05-06","2026-05-07","2026-05-06","KHC","","","","","C","EP9M_volume_event","C","30","","Risk-On","","","none","medium","[EP9M-only]: research/context signal; not standalone actionable per V5.0; ","No EP9M paired-stack actionability",""
"2026-05-06","2026-05-07","2026-05-06","PINS","","","","","C","EP9M_volume_event","C","30","","Risk-On","","","none","medium","[EP9M-only]: research/context signal; not standalone actionable per V5.0; ","No EP9M paired-stack actionability",""
"2026-05-06","2026-05-07","2026-05-06","CIFR","","","","","C","EP9M_volume_event","C","30","","Risk-On","","","none","medium","[EP9M-only]: research/context signal; not standalone actionable per V5.0; ","No EP9M paired-stack actionability",""
"2026-05-06","2026-05-07","2026-05-06","SMR","","","","","C","EP9M_volume_event","C","30","","Risk-On","","","none","medium","[EP9M-only]: research/context signal; not standalone actionable per V5.0; ","No EP9M paired-stack actionability",""
"2026-05-06","2026-05-07","2026-05-06","BCRX","","","","","C","EP9M_volume_event","C","30","","Risk-On","","","none","medium","[EP9M-only]: research/context signal; not standalone actionable per V5.0; ","No EP9M paired-stack actionability",""
"2026-05-06","2026-05-07","2026-05-06","BABA","","","","","C","EP9M_volume_event","C","30","","Risk-On","","","none","medium","[EP9M-only]: research/context signal; not standalone actionable per V5.0; ","No EP9M paired-stack actionability",""
"2026-05-06","2026-05-07","2026-05-06","FISV","","","","","C","EP9M_volume_event","C","30","","Risk-On","","","none","medium","[EP9M-only]: research/context signal; not standalone actionable per V5.0; ","No EP9M paired-stack actionability",""
"2026-05-06","2026-05-07","2026-05-06","GME","","","","","C","EP9M_volume_event","C","30","","Risk-On","","","none","medium","[EP9M-only]: research/context signal; not standalone actionable per V5.0; ","No EP9M paired-stack actionability",""
"2026-05-06","2026-05-07","2026-05-06","INFQ","","","","","C","EP9M_volume_event","C","30","","Risk-On","","","none","medium","[EP9M-only]: research/context signal; not standalone actionable per V5.0; ","No EP9M paired-stack actionability",""
"2026-05-06","2026-05-07","2026-05-06","LITE","","","","","C","EP9M_volume_event","C","30","","Risk-On","","","none","medium","[EP9M-only]: research/context signal; not standalone actionable per V5.0; ","No EP9M paired-stack actionability",""
"2026-05-06","2026-05-07","2026-05-06","RDW","","","","","C","EP9M_volume_event","C","30","","Risk-On","","","none","medium","[EP9M-only]: research/context signal; not standalone actionable per V5.0; ","No EP9M paired-stack actionability",""
"2026-05-06","2026-05-07","2026-05-06","GIS","","","","","C","EP9M_volume_event","C","30","","Risk-On","","","none","medium","[EP9M-only]: research/context signal; not standalone actionable per V5.0; ","No EP9M paired-stack actionability",""
"2026-05-06","2026-05-07","2026-05-06","DKNG","","","","","C","EP9M_volume_event","C","30","","Risk-On","","","none","medium","[EP9M-only]: research/context signal; not standalone actionable per V5.0; ","No EP9M paired-stack actionability",""
"2026-05-06","2026-05-07","2026-05-06","HL","","","","","C","EP9M_volume_event","C","30","","Risk-On","","","none","medium","[EP9M-only]: research/context signal; not standalone actionable per V5.0; ","No EP9M paired-stack actionability",""
"2026-05-06","2026-05-07","2026-05-06","VISN","","","","","C","EP9M_volume_event","C","30","","Risk-On","","","none","medium","[EP9M-only]: research/context signal; not standalone actionable per V5.0; ","No EP9M paired-stack actionability",""
"2026-05-06","2026-05-07","2026-05-06","GE","","","","","C","EP9M_volume_event","C","30","","Risk-On","","","none","medium","[EP9M-only]: research/context signal; not standalone actionable per V5.0; ","No EP9M paired-stack actionability",""
"2026-05-06","2026-05-07","2026-05-06","QXO","","","","","C","EP9M_volume_event","C","30","","Risk-On","","","none","medium","[EP9M-only]: research/context signal; not standalone actionable per V5.0; ","No EP9M paired-stack actionability",""
"2026-05-06","2026-05-07","2026-05-06","QS","","","","","C","EP9M_volume_event","C","30","","Risk-On","","","none","medium","[EP9M-only]: research/context signal; not standalone actionable per V5.0; ","No EP9M paired-stack actionability",""
"2026-05-06","2026-05-07","2026-05-06","OWL","","","","","C","EP9M_volume_event","C","30","","Risk-On","","","none","medium","[EP9M-only]: research/context signal; not standalone actionable per V5.0; ","No EP9M paired-stack actionability",""
"2026-05-06","2026-05-07","2026-05-06","FAST","","","","","C","EP9M_volume_event","C","30","","Risk-On","","","none","medium","[EP9M-only]: research/context signal; not standalone actionable per V5.0; ","No EP9M paired-stack actionability",""
"2026-05-06","2026-05-07","2026-05-06","TXN","","","","","C","EP9M_volume_event","C","30","","Risk-On","","","none","medium","[EP9M-only]: research/context signal; not standalone actionable per V5.0; ","No EP9M paired-stack actionability",""
"2026-05-06","2026-05-07","2026-05-06","PDD","","","","","C","EP9M_volume_event","C","30","","Risk-On","","","none","medium","[EP9M-only]: research/context signal; not standalone actionable per V5.0; ","No EP9M paired-stack actionability",""
"2026-05-06","2026-05-07","2026-05-06","INTC","","","","","C","EP9M_volume_event","C","30","","Risk-On","","","none","medium","[EP9M-only]: research/context signal; not standalone actionable per V5.0; ","No EP9M paired-stack actionability",""
"2026-05-06","2026-05-07","2026-05-06","GEN","","","","","C","EP9M_volume_event","C","30","","Risk-On","","","none","medium","[EP9M-only]: research/context signal; not standalone actionable per V5.0; ","No EP9M paired-stack actionability",""
"2026-05-06","2026-05-07","2026-05-06","NCLH","","","","","C","EP9M_volume_event","C","30","","Risk-On","","","none","medium","[EP9M-only]: research/context signal; not standalone actionable per V5.0; ","No EP9M paired-stack actionability",""
"2026-05-06","2026-05-07","2026-05-06","LWLG","","","","","C","EP9M_volume_event","C","30","","Risk-On","","","none","medium","[EP9M-only]: research/context signal; not standalone actionable per V5.0; ","No EP9M paired-stack actionability",""
"2026-05-06","2026-05-07","2026-05-06","RBLX","","","","","C","EP9M_volume_event","C","30","","Risk-On","","","none","medium","[EP9M-only]: research/context signal; not standalone actionable per V5.0; ","No EP9M paired-stack actionability",""
"2026-05-06","2026-05-07","2026-05-06","UUUU","","","","","C","EP9M_volume_event","C","30","","Risk-On","","","none","medium","[EP9M-only]: research/context signal; not standalone actionable per V5.0; ","No EP9M paired-stack actionability",""
"2026-05-06","2026-05-07","2026-05-06","FSLY","","","","","C","EP9M_volume_event","C","30","","Risk-On","","","none","medium","[EP9M-only]: research/context signal; not standalone actionable per V5.0; ","No EP9M paired-stack actionability",""
"2026-05-06","2026-05-07","2026-05-06","MDT","","","","","C","EP9M_volume_event","C","30","","Risk-On","","","none","medium","[EP9M-only]: research/context signal; not standalone actionable per V5.0; ","No EP9M paired-stack actionability",""
"2026-05-06","2026-05-07","2026-05-06","AAPL","","","","","C","EP9M_volume_event","C","30","","Risk-On","","","none","medium","[EP9M-only]: research/context signal; not standalone actionable per V5.0; ","No EP9M paired-stack actionability",""
"2026-05-06","2026-05-07","2026-05-06","TEAM","","","","","C","EP9M_volume_event","C","30","","Risk-On","","","none","medium","[EP9M-only]: research/context signal; not standalone actionable per V5.0; ","No EP9M paired-stack actionability",""
"2026-05-06","2026-05-07","2026-05-06","NVTS","","","","","C","EP9M_volume_event","C","30","","Risk-On","","","none","medium","[EP9M-only]: research/context signal; not standalone actionable per V5.0; ","No EP9M paired-stack actionability",""
"2026-05-06","2026-05-07","2026-05-06","EXC","","","","","C","EP9M_volume_event","C","30","","Risk-On","","","none","medium","[EP9M-only]: research/context signal; not standalone actionable per V5.0; ","No EP9M paired-stack actionability",""
"2026-05-06","2026-05-07","2026-05-06","IP","","","","","C","EP9M_volume_event","C","30","","Risk-On","","","none","medium","[EP9M-only]: research/context signal; not standalone actionable per V5.0; ","No EP9M paired-stack actionability",""
"2026-05-06","2026-05-07","2026-05-06","UAMY","","","","","C","EP9M_volume_event","C","30","","Risk-On","","","none","medium","[EP9M-only]: research/context signal; not standalone actionable per V5.0; ","No EP9M paired-stack actionability",""
"2026-05-06","2026-05-07","2026-05-06","CSCO","","","","","C","EP9M_volume_event","C","30","","Risk-On","","","none","medium","[EP9M-only]: research/context signal; not standalone actionable per V5.0; ","No EP9M paired-stack actionability",""
"2026-05-06","2026-05-07","2026-05-06","HST","","","","","C","EP9M_volume_event","C","30","","Risk-On","","","none","medium","[EP9M-only]: research/context signal; not standalone actionable per V5.0; ","No EP9M paired-stack actionability",""
"2026-05-06","2026-05-07","2026-05-06","COP","","","","","C","EP9M_volume_event","C","30","","Risk-On","","","none","medium","[EP9M-only]: research/context signal; not standalone actionable per V5.0; ","No EP9M paired-stack actionability",""
"2026-05-06","2026-05-07","2026-05-06","RIG","","","","","C","EP9M_volume_event","C","30","","Risk-On","","","none","medium","[EP9M-only]: research/context signal; not standalone actionable per V5.0; ","No EP9M paired-stack actionability",""
"2026-05-06","2026-05-07","2026-05-06","ZETA","","","","","C","EP9M_volume_event","C","30","","Risk-On","","","none","medium","[EP9M-only]: research/context signal; not standalone actionable per V5.0; ","No EP9M paired-stack actionability",""
"2026-05-06","2026-05-07","2026-05-06","ASTS","","","","","C","EP9M_volume_event","C","30","","Risk-On","","","none","medium","[EP9M-only]: research/context signal; not standalone actionable per V5.0; ","No EP9M paired-stack actionability",""
"2026-05-06","2026-05-07","2026-05-06","META","","","","","C","EP9M_volume_event","C","30","","Risk-On","","","none","medium","[EP9M-only]: research/context signal; not standalone actionable per V5.0; ","No EP9M paired-stack actionability",""
"2026-05-06","2026-05-07","2026-05-06","PR","","","","","C","EP9M_volume_event","C","30","","Risk-On","","","none","medium","[EP9M-only]: research/context signal; not standalone actionable per V5.0; ","No EP9M paired-stack actionability",""
"2026-05-06","2026-05-07","2026-05-06","RUN","","","","","C","EP9M_volume_event","C","30","","Risk-On","","","none","medium","[EP9M-only]: research/context signal; not standalone actionable per V5.0; ","No EP9M paired-stack actionability",""
"2026-05-06","2026-05-07","2026-05-06","AXTI","","","","","C","EP9M_volume_event","C","30","","Risk-On","","","none","medium","[EP9M-only]: research/context signal; not standalone actionable per V5.0; ","No EP9M paired-stack actionability",""
"2026-05-06","2026-05-07","2026-05-06","DOW","","","","","C","EP9M_volume_event","C","30","","Risk-On","","","none","medium","[EP9M-only]: research/context signal; not standalone actionable per V5.0; ","No EP9M paired-stack actionability",""
"2026-05-06","2026-05-07","2026-05-06","APH","","","","","C","EP9M_volume_event","C","30","","Risk-On","","","none","medium","[EP9M-only]: research/context signal; not standalone actionable per V5.0; ","No EP9M paired-stack actionability",""
"2026-05-06","2026-05-07","2026-05-06","UEC","","","","","C","EP9M_volume_event","C","30","","Risk-On","","","none","medium","[EP9M-only]: research/context signal; not standalone actionable per V5.0; ","No EP9M paired-stack actionability",""
"2026-05-06","2026-05-07","2026-05-06","GOOG","","","","","C","EP9M_volume_event","C","30","","Risk-On","","","none","medium","[EP9M-only]: research/context signal; not standalone actionable per V5.0; ","No EP9M paired-stack actionability",""
"2026-05-06","2026-05-07","2026-05-06","S","","","","","C","EP9M_volume_event","C","30","","Risk-On","","","none","medium","[EP9M-only]: research/context signal; not standalone actionable per V5.0; ","No EP9M paired-stack actionability",""
"2026-05-06","2026-05-07","2026-05-06","OXY","","","","","C","EP9M_volume_event","C","30","","Risk-On","","","none","medium","[EP9M-only]: research/context signal; not standalone actionable per V5.0; ","No EP9M paired-stack actionability",""
"2026-05-06","2026-05-07","2026-05-06","NBIS","","","","","C","EP9M_volume_event","C","30","","Risk-On","","","none","medium","[EP9M-only]: research/context signal; not standalone actionable per V5.0; ","No EP9M paired-stack actionability",""
"2026-05-06","2026-05-07","2026-05-06","BSX","","","","","C","EP9M_volume_event","C","30","","Risk-On","","","none","medium","[EP9M-only]: research/context signal; not standalone actionable per V5.0; ","No EP9M paired-stack actionability",""
"2026-05-06","2026-05-07","2026-05-06","MO","","","","","C","EP9M_volume_event","C","30","","Risk-On","","","none","medium","[EP9M-only]: research/context signal; not standalone actionable per V5.0; ","No EP9M paired-stack actionability",""
"2026-05-06","2026-05-07","2026-05-06","USAR","","","","","C","EP9M_volume_event","C","30","","Risk-On","","","none","medium","[EP9M-only]: research/context signal; not standalone actionable per V5.0; ","No EP9M paired-stack actionability",""
"2026-05-06","2026-05-07","2026-05-06","PLTR","","","","","C","EP9M_volume_event","C","30","","Risk-On","","","none","medium","[EP9M-only]: research/context signal; not standalone actionable per V5.0; ","No EP9M paired-stack actionability",""
"2026-05-06","2026-05-07","2026-05-06","KVUE","","","","","C","EP9M_volume_event","C","30","","Risk-On","","","none","medium","[EP9M-only]: research/context signal; not standalone actionable per V5.0; ","No EP9M paired-stack actionability",""
"2026-05-06","2026-05-07","2026-05-06","APA","","","","","C","EP9M_volume_event","C","30","","Risk-On","","","none","medium","[EP9M-only]: research/context signal; not standalone actionable per V5.0; ","No EP9M paired-stack actionability",""
"2026-05-06","2026-05-07","2026-05-06","PYPL","","","","","C","EP9M_volume_event","C","30","","Risk-On","","","none","medium","[EP9M-only]: research/context signal; not standalone actionable per V5.0; ","No EP9M paired-stack actionability",""
"2026-05-06","2026-05-07","2026-05-06","NVDA","","","","","C","EP9M_volume_event","C","30","","Risk-On","","","none","medium","[EP9M-only]: research/context signal; not standalone actionable per V5.0; ","No EP9M paired-stack actionability",""
"2026-05-06","2026-05-07","2026-05-06","HPQ","","","","","C","EP9M_volume_event","C","30","","Risk-On","","","none","medium","[EP9M-only]: research/context signal; not standalone actionable per V5.0; ","No EP9M paired-stack actionability",""
"2026-05-06","2026-05-07","2026-05-06","CRCL","","","","","C","EP9M_volume_event","C","30","","Risk-On","","","none","medium","[EP9M-only]: research/context signal; not standalone actionable per V5.0; ","No EP9M paired-stack actionability",""
"2026-05-06","2026-05-07","2026-05-06","PFE","","","","","C","EP9M_volume_event","C","30","","Risk-On","","","none","medium","[EP9M-only]: research/context signal; not standalone actionable per V5.0; ","No EP9M paired-stack actionability",""
"2026-05-06","2026-05-07","2026-05-06","LUV","","","","","C","EP9M_volume_event","C","30","","Risk-On","","","none","medium","[EP9M-only]: research/context signal; not standalone actionable per V5.0; ","No EP9M paired-stack actionability",""
"2026-05-06","2026-05-07","2026-05-06","SOUN","","","","","C","EP9M_volume_event","C","30","","Risk-On","","","none","medium","[EP9M-only]: research/context signal; not standalone actionable per V5.0; ","No EP9M paired-stack actionability",""
"2026-05-06","2026-05-07","2026-05-06","LYFT","","","","","C","EP9M_volume_event","C","30","","Risk-On","","","none","medium","[EP9M-only]: research/context signal; not standalone actionable per V5.0; ","No EP9M paired-stack actionability",""
"2026-05-06","2026-05-07","2026-05-06","NOW","","","","","C","EP9M_volume_event","C","30","","Risk-On","","","none","medium","[EP9M-only]: research/context signal; not standalone actionable per V5.0; ","No EP9M paired-stack actionability",""
"2026-05-06","2026-05-07","2026-05-06","CLF","","","","","C","EP9M_volume_event","C","30","","Risk-On","","","none","medium","[EP9M-only]: research/context signal; not standalone actionable per V5.0; ","No EP9M paired-stack actionability",""
"2026-05-06","2026-05-07","2026-05-06","PTEN","","","","","C","EP9M_volume_event","C","30","","Risk-On","","","none","medium","[EP9M-only]: research/context signal; not standalone actionable per V5.0; ","No EP9M paired-stack actionability",""
"2026-05-06","2026-05-07","2026-05-06","CMG","","","","","C","EP9M_volume_event","C","30","","Risk-On","","","none","medium","[EP9M-only]: research/context signal; not standalone actionable per V5.0; ","No EP9M paired-stack actionability",""
"2026-05-06","2026-05-07","2026-05-06","KDP","","","","","C","EP9M_volume_event","C","30","","Risk-On","","","none","medium","[EP9M-only]: research/context signal; not standalone actionable per V5.0; ","No EP9M paired-stack actionability",""
"2026-05-06","2026-05-07","2026-05-06","U","","","","","C","EP9M_volume_event","C","30","","Risk-On","","","none","medium","[EP9M-only]: research/context signal; not standalone actionable per V5.0; ","No EP9M paired-stack actionability",""
"2026-05-06","2026-05-07","2026-05-06","F","","","","","C","EP9M_volume_event","C","30","","Risk-On","","","none","medium","[EP9M-only]: research/context signal; not standalone actionable per V5.0; ","No EP9M paired-stack actionability",""
"2026-05-06","2026-05-07","2026-05-06","FIG","","","","","C","EP9M_volume_event","C","30","","Risk-On","","","none","medium","[EP9M-only]: research/context signal; not standalone actionable per V5.0; ","No EP9M paired-stack actionability",""
"2026-05-06","2026-05-07","2026-05-06","ABT","","","","","C","EP9M_volume_event","C","30","","Risk-On","","","none","medium","[EP9M-only]: research/context signal; not standalone actionable per V5.0; ","No EP9M paired-stack actionability",""
"2026-05-06","2026-05-07","2026-05-06","JD","","","","","C","EP9M_volume_event","C","30","","Risk-On","","","none","medium","[EP9M-only]: research/context signal; not standalone actionable per V5.0; ","No EP9M paired-stack actionability",""
"2026-05-06","2026-05-07","2026-05-06","AES","","","","","C","EP9M_volume_event","C","30","","Risk-On","","","none","medium","[EP9M-only]: research/context signal; not standalone actionable per V5.0; ","No EP9M paired-stack actionability",""
"2026-05-06","2026-05-07","2026-05-06","RKT","","","","","C","EP9M_volume_event","C","30","","Risk-On","","","none","medium","[EP9M-only]: research/context signal; not standalone actionable per V5.0; ","No EP9M paired-stack actionability",""
"2026-05-06","2026-05-07","2026-05-06","PATH","","","","","C","EP9M_volume_event","C","30","","Risk-On","","","none","medium","[EP9M-only]: research/context signal; not standalone actionable per V5.0; ","No EP9M paired-stack actionability",""
"2026-05-06","2026-05-07","2026-05-06","BKR","","","","","C","EP9M_volume_event","C","30","","Risk-On","","","none","medium","[EP9M-only]: research/context signal; not standalone actionable per V5.0; ","No EP9M paired-stack actionability",""
"2026-05-06","2026-05-07","2026-05-06","FCX","","","","","C","EP9M_volume_event","C","30","","Risk-On","","","none","medium","[EP9M-only]: research/context signal; not standalone actionable per V5.0; ","No EP9M paired-stack actionability",""
"2026-05-06","2026-05-07","2026-05-06","BKNG","","","","","C","EP9M_volume_event","C","30","","Risk-On","","","none","medium","[EP9M-only]: research/context signal; not standalone actionable per V5.0; ","No EP9M paired-stack actionability",""
"2026-05-06","2026-05-07","2026-05-06","ET","","","","","C","EP9M_volume_event","C","30","","Risk-On","","","none","medium","[EP9M-only]: research/context signal; not standalone actionable per V5.0; ","No EP9M paired-stack actionability",""
"2026-05-06","2026-05-07","2026-05-06","CNH","","","","","C","EP9M_volume_event","C","30","","Risk-On","","","none","medium","[EP9M-only]: research/context signal; not standalone actionable per V5.0; ","No EP9M paired-stack actionability",""
"2026-05-06","2026-05-07","2026-05-06","KMI","","","","","C","EP9M_volume_event","C","30","","Risk-On","","","none","medium","[EP9M-only]: research/context signal; not standalone actionable per V5.0; ","No EP9M paired-stack actionability",""
"2026-05-06","2026-05-07","2026-05-06","CDE","","","","","C","EP9M_volume_event","C","30","","Risk-On","","","none","medium","[EP9M-only]: research/context signal; not standalone actionable per V5.0; ","No EP9M paired-stack actionability",""
"2026-05-06","2026-05-07","2026-05-06","C","","","","","C","EP9M_volume_event","C","30","","Risk-On","","","none","medium","[EP9M-only]: research/context signal; not standalone actionable per V5.0; ","No EP9M paired-stack actionability",""
"2026-05-06","2026-05-07","2026-05-06","PG","","","","","C","EP9M_volume_event","C","30","","Risk-On","","","none","medium","[EP9M-only]: research/context signal; not standalone actionable per V5.0; ","No EP9M paired-stack actionability",""
"2026-05-06","2026-05-07","2026-05-06","XOM","","","","","C","EP9M_volume_event","C","30","","Risk-On","","","none","medium","[EP9M-only]: research/context signal; not standalone actionable per V5.0; ","No EP9M paired-stack actionability",""
"2026-05-06","2026-05-07","2026-05-06","USB","","","","","C","EP9M_volume_event","C","30","","Risk-On","","","none","medium","[EP9M-only]: research/context signal; not standalone actionable per V5.0; ","No EP9M paired-stack actionability",""
"2026-05-06","2026-05-07","2026-05-06","CMCSA","","","","","C","EP9M_volume_event","C","30","","Risk-On","","","none","medium","[EP9M-only]: research/context signal; not standalone actionable per V5.0; ","No EP9M paired-stack actionability",""
"2026-05-06","2026-05-07","2026-05-06","SATL","","","","","C","EP9M_volume_event","C","30","","Risk-On","","","none","medium","[EP9M-only]: research/context signal; not standalone actionable per V5.0; ","No EP9M paired-stack actionability",""
"2026-05-06","2026-05-07","2026-05-06","MRVL","","","","","C","EP9M_volume_event","C","30","","Risk-On","","","none","medium","[EP9M-only]: research/context signal; not standalone actionable per V5.0; ","No EP9M paired-stack actionability",""
"2026-05-06","2026-05-07","2026-05-06","KO","","","","","C","EP9M_volume_event","C","30","","Risk-On","","","none","medium","[EP9M-only]: research/context signal; not standalone actionable per V5.0; ","No EP9M paired-stack actionability",""
"2026-05-06","2026-05-07","2026-05-06","NFLX","","","","","C","EP9M_volume_event","C","30","","Risk-On","","","none","medium","[EP9M-only]: research/context signal; not standalone actionable per V5.0; ","No EP9M paired-stack actionability",""
"2026-05-06","2026-05-07","2026-05-06","RIVN","","","","","C","EP9M_volume_event","C","30","","Risk-On","","","none","medium","[EP9M-only]: research/context signal; not standalone actionable per V5.0; ","No EP9M paired-stack actionability",""
"2026-05-06","2026-05-07","2026-05-06","WBD","","","","","C","EP9M_volume_event","C","30","","Risk-On","","","none","medium","[EP9M-only]: research/context signal; not standalone actionable per V5.0; ","No EP9M paired-stack actionability",""
"2026-05-06","2026-05-07","2026-05-06","RKLB","","","","","C","EP9M_volume_event","C","30","","Risk-On","","","none","medium","[EP9M-only]: research/context signal; not standalone actionable per V5.0; ","No EP9M paired-stack actionability",""
"2026-05-06","2026-05-07","2026-05-06","NKE","","","","","C","EP9M_volume_event","C","30","","Risk-On","","","none","medium","[EP9M-only]: research/context signal; not standalone actionable per V5.0; ","No EP9M paired-stack actionability",""
"2026-05-06","2026-05-07","2026-05-06","CCC","","","","","C","EP9M_volume_event","C","30","","Risk-On","","","none","medium","[EP9M-only]: research/context signal; not standalone actionable per V5.0; ","No EP9M paired-stack actionability",""
"2026-05-06","2026-05-07","2026-05-06","MSFT","","","","","C","EP9M_volume_event","C","30","","Risk-On","","","none","medium","[EP9M-only]: research/context signal; not standalone actionable per V5.0; ","No EP9M paired-stack actionability",""
"2026-05-06","2026-05-07","2026-05-06","WMT","","","","","C","EP9M_volume_event","C","30","","Risk-On","","","none","medium","[EP9M-only]: research/context signal; not standalone actionable per V5.0; ","No EP9M paired-stack actionability",""
"2026-05-06","2026-05-07","2026-05-06","CVX","","","","","C","EP9M_volume_event","C","30","","Risk-On","","","none","medium","[EP9M-only]: research/context signal; not standalone actionable per V5.0; ","No EP9M paired-stack actionability",""
"2026-05-06","2026-05-07","2026-05-06","AAL","","","","","C","EP9M_volume_event","C","30","","Risk-On","","","none","medium","[EP9M-only]: research/context signal; not standalone actionable per V5.0; ","No EP9M paired-stack actionability",""
"2026-05-06","2026-05-07","2026-05-06","BMY","","","","","C","EP9M_volume_event","C","30","","Risk-On","","","none","medium","[EP9M-only]: research/context signal; not standalone actionable per V5.0; ","No EP9M paired-stack actionability",""
"2026-05-06","2026-05-07","2026-05-06","T","","","","","C","EP9M_volume_event","C","30","","Risk-On","","","none","medium","[EP9M-only]: research/context signal; not standalone actionable per V5.0; ","No EP9M paired-stack actionability",""
"2026-05-06","2026-05-07","2026-05-06","TSLA","","","","","C","EP9M_volume_event","C","30","","Risk-On","","","none","medium","[EP9M-only]: research/context signal; not standalone actionable per V5.0; ","No EP9M paired-stack actionability",""
"2026-05-06","2026-05-07","2026-05-06","SOFI","","","","","C","EP9M_volume_event","C","30","","Risk-On","","","none","medium","[EP9M-only]: research/context signal; not standalone actionable per V5.0; ","No EP9M paired-stack actionability",""
"2026-05-06","2026-05-07","2026-05-06","AVGO","","","","","C","EP9M_volume_event","C","30","","Risk-On","","","none","medium","[EP9M-only]: research/context signal; not standalone actionable per V5.0; ","No EP9M paired-stack actionability",""
"2026-05-06","2026-05-07","2026-05-06","CRM","","","","","C","EP9M_volume_event","C","30","","Risk-On","","","none","medium","[EP9M-only]: research/context signal; not standalone actionable per V5.0; ","No EP9M paired-stack actionability",""
"2026-05-06","2026-05-07","2026-05-06","CAG","","","","","C","EP9M_volume_event","C","30","","Risk-On","","","none","medium","[EP9M-only]: research/context signal; not standalone actionable per V5.0; ","No EP9M paired-stack actionability",""
"2026-05-06","2026-05-07","2026-05-06","WFC","","","","","C","EP9M_volume_event","C","30","","Risk-On","","","none","medium","[EP9M-only]: research/context signal; not standalone actionable per V5.0; ","No EP9M paired-stack actionability",""
"2026-05-06","2026-05-07","2026-05-06","PCG","","","","","C","EP9M_volume_event","C","30","","Risk-On","","","none","medium","[EP9M-only]: research/context signal; not standalone actionable per V5.0; ","No EP9M paired-stack actionability",""
"2026-05-06","2026-05-07","2026-05-06","CSX","","","","","C","EP9M_volume_event","C","30","","Risk-On","","","none","medium","[EP9M-only]: research/context signal; not standalone actionable per V5.0; ","No EP9M paired-stack actionability",""
"2026-05-06","2026-05-07","2026-05-06","DAL","","","","","C","EP9M_volume_event","C","30","","Risk-On","","","none","medium","[EP9M-only]: research/context signal; not standalone actionable per V5.0; ","No EP9M paired-stack actionability",""
"2026-05-06","2026-05-07","2026-05-06","KEY","","","","","C","EP9M_volume_event","C","30","","Risk-On","","","none","medium","[EP9M-only]: research/context signal; not standalone actionable per V5.0; ","No EP9M paired-stack actionability",""
"2026-05-06","2026-05-07","2026-05-06","NU","","","","","C","EP9M_volume_event","C","30","","Risk-On","","","none","medium","[EP9M-only]: research/context signal; not standalone actionable per V5.0; ","No EP9M paired-stack actionability",""
"2026-05-06","2026-05-07","2026-05-06","TTD","","","","","C","EP9M_volume_event","C","30","","Risk-On","","","none","medium","[EP9M-only]: research/context signal; not standalone actionable per V5.0; ","No EP9M paired-stack actionability",""
"2026-05-06","2026-05-07","2026-05-06","AGNC","","","","","C","EP9M_volume_event","C","30","","Risk-On","","","none","medium","[EP9M-only]: research/context signal; not standalone actionable per V5.0; ","No EP9M paired-stack actionability",""
"2026-05-06","2026-05-07","2026-05-06","ONDS","","","","","C","EP9M_volume_event","C","30","","Risk-On","","","none","medium","[EP9M-only]: research/context signal; not standalone actionable per V5.0; ","No EP9M paired-stack actionability",""
"2026-05-06","2026-05-07","2026-05-06","SLB","","","","","C","EP9M_volume_event","C","30","","Risk-On","","","none","medium","[EP9M-only]: research/context signal; not standalone actionable per V5.0; ","No EP9M paired-stack actionability",""
"2026-05-06","2026-05-07","2026-05-06","AAOI","","","","","C","EP9M_volume_event","C","30","","Risk-On","","","none","medium","[EP9M-only]: research/context signal; not standalone actionable per V5.0; ","No EP9M paired-stack actionability",""
"2026-05-06","2026-05-07","2026-05-06","VZ","","","","","C","EP9M_volume_event","C","30","","Risk-On","","","none","medium","[EP9M-only]: research/context signal; not standalone actionable per V5.0; ","No EP9M paired-stack actionability",""
"2026-05-06","2026-05-07","2026-05-06","MSTR","","","","","C","EP9M_volume_event","C","30","","Risk-On","","","none","medium","[EP9M-only]: research/context signal; not standalone actionable per V5.0; ","No EP9M paired-stack actionability",""
"2026-05-06","2026-05-07","2026-05-06","EOSE","","","","","C","EP9M_volume_event","C","30","","Risk-On","","","none","medium","[EP9M-only]: research/context signal; not standalone actionable per V5.0; ","No EP9M paired-stack actionability",""
"2026-05-06","2026-05-07","2026-05-06","PSKY","","","","","C","EP9M_volume_event","C","30","","Risk-On","","","none","medium","[EP9M-only]: research/context signal; not standalone actionable per V5.0; ","No EP9M paired-stack actionability",""
"2026-05-06","2026-05-07","2026-05-06","BAC","","","","","C","EP9M_volume_event","C","30","","Risk-On","","","none","medium","[EP9M-only]: research/context signal; not standalone actionable per V5.0; ","No EP9M paired-stack actionability",""
"2026-05-06","2026-05-07","2026-05-06","VG","","","","","C","EP9M_volume_event","C","30","","Risk-On","","","none","medium","[EP9M-only]: research/context signal; not standalone actionable per V5.0; ","No EP9M paired-stack actionability",""
"2026-05-06","2026-05-07","2026-05-06","NIO","","","","","C","EP9M_volume_event","C","30","","Risk-On","","","none","medium","[EP9M-only]: research/context signal; not standalone actionable per V5.0; ","No EP9M paired-stack actionability",""
"2026-05-06","2026-05-07","2026-05-06","HBAN","","","","","C","EP9M_volume_event","C","30","","Risk-On","","","none","medium","[EP9M-only]: research/context signal; not standalone actionable per V5.0; ","No EP9M paired-stack actionability",""
"2026-05-06","2026-05-07","2026-05-06","HIMS","","","","","C","EP9M_volume_event","C","30","","Risk-On","","","none","medium","[EP9M-only]: research/context signal; not standalone actionable per V5.0; ","No EP9M paired-stack actionability",""
"2026-05-06","2026-05-07","2026-05-06","AVNS","","","","","C","Unknown","UNKNOWN","30","","Risk-On","","","none","medium","PAUSE/ANT, ext=mild, no trigger today","No trigger",""
"2026-05-06","2026-05-07","2026-05-06","APLS","","","","","C","Unknown","UNKNOWN","30","","Risk-On","","","none","medium","PAUSE/ANT, ext=mild, no trigger today","No trigger",""
"2026-05-06","2026-05-07","2026-05-06","CODI","","","","","C","Unknown","UNKNOWN","30","","Risk-On","","","none","medium","PAUSE/ANT, ext=mild, no trigger today","No trigger",""
"2026-05-06","2026-05-07","2026-05-06","KALV","","","","","D","Unknown","UNKNOWN","30","","Risk-On","","","none","high","BAG_HOLDER (bag-holder flagged); ","Reset / overhead supply absorption (multi-week base)",""
"2026-05-06","2026-05-07","2026-05-06","TBRG","","","","","C","Unknown","UNKNOWN","30","","Risk-On","","","none","medium","PAUSE/ANT, ext=mild, no trigger today","No trigger",""
"2026-05-06","2026-05-07","2026-05-06","RDCM","","","","","C","Unknown","UNKNOWN","30","","Risk-On","","","none","medium","PAUSE/ANT, ext=moderate, no trigger today","No trigger",""
"2026-04-24","2026-05-07","2026-05-06","DAWN","","","","","C","Unknown","UNKNOWN","30","","Risk-On","","","none","medium","[stale-date row last_bar_date=2026-04-24 ≠ pack_date] PAUSE/ANT, ext=mild, no trigger today","No trigger",""
"2026-05-06","2026-05-07","2026-05-06","SLNO","","","","","D","Unknown","UNKNOWN","30","","Risk-On","","","none","high","BAG_HOLDER (bag-holder flagged); ","Reset / overhead supply absorption (multi-week base)",""
"2026-05-06","2026-05-07","2026-05-06","DDI","","","","","C","Unknown","UNKNOWN","30","","Risk-On","","","none","medium","PAUSE/ANT, ext=none, no trigger today","No trigger",""
"2026-05-06","2026-05-07","2026-05-06","XWIN","","","","","C","Unknown","UNKNOWN","30","","Risk-On","","","none","medium","PAUSE/ANT, ext=none, no trigger today","No trigger",""
"2026-05-06","2026-05-07","2026-05-06","SAH","","","","","C","Unknown","UNKNOWN","30","","Risk-On","","","none","medium","PAUSE/ANT, ext=mild, no trigger today","No trigger",""
"2026-05-06","2026-05-07","2026-05-06","CARS","","","","","C","Unknown","UNKNOWN","30","","Risk-On","","","none","medium","PAUSE/ANT, ext=mild, no trigger today","No trigger",""
"2026-05-06","2026-05-07","2026-05-06","PRTA","","","","","C","Unknown","UNKNOWN","30","","Risk-On","","","none","medium","PAUSE/ANT, ext=none, no trigger today","No trigger",""
"2026-05-06","2026-05-07","2026-05-06","WSR","7","TAKE","PAUSE+ANT","pause","B","Pause_continuation","C","40","","Risk-On","18.989999771118164","18.90999984741211","none","medium","PAUSE/ANT in focus list rank=7, ext=mild; pre-trigger watch","Pause low breaks or no expansion in 5 sessions",""
"2026-04-29","2026-05-07","2026-05-06","ACLX","","","","","C","Unknown","UNKNOWN","30","","Risk-On","","","none","medium","[stale-date row last_bar_date=2026-04-29 ≠ pack_date] PAUSE/ANT, ext=mild, no trigger today","No trigger",""
"2026-05-05","2026-05-07","2026-05-06","TERN","","","","","C","Unknown","UNKNOWN","30","","Risk-On","","","none","medium","[stale-date row last_bar_date=2026-05-05 ≠ pack_date] PAUSE/ANT, ext=mild, no trigger today","No trigger",""
"2026-05-06","2026-05-07","2026-05-06","EMAT","","","","","C","Unknown","UNKNOWN","30","","Risk-On","","","none","medium","PAUSE/ANT, ext=mild, no trigger today","No trigger",""
"2026-05-06","2026-05-07","2026-05-06","TDAY","","","","","C","Unknown","UNKNOWN","30","","Risk-On","","","none","medium","PAUSE/ANT, ext=none, no trigger today","No trigger",""
"2026-05-06","2026-05-07","2026-05-06","FBP","16","TAKE","PAUSE","pause","B","Pause","C","35","","Risk-On","24.46999931335449","23.649999618530277","none","medium","PAUSE/ANT in focus list rank=16, ext=mild; pre-trigger watch","Pause low breaks or no expansion in 5 sessions",""
"2026-05-06","2026-05-07","2026-05-06","INVH","","","","","D","Unknown","UNKNOWN","30","","Risk-On","","","none","high","BAG_HOLDER (bag-holder flagged); ","Reset / overhead supply absorption (multi-week base)",""
"2026-05-06","2026-05-07","2026-05-06","LC","","","","","C","Unknown","UNKNOWN","30","","Risk-On","","","none","medium","PAUSE/ANT, ext=none, no trigger today","No trigger",""
"2026-05-06","2026-05-07","2026-05-06","C","","","","","C","Unknown","UNKNOWN","30","","Risk-On","","","none","medium","PAUSE/ANT, ext=none, no trigger today","No trigger",""
"2026-05-06","2026-05-07","2026-05-06","WAFD","17","TAKE","PAUSE","pause","B","Pause","C","35","","Risk-On","35.869998931884766","34.0","none","medium","PAUSE/ANT in focus list rank=17, ext=mild; pre-trigger watch","Pause low breaks or no expansion in 5 sessions",""
"2026-05-06","2026-05-07","2026-05-06","PCT","","","","","C","Unknown","UNKNOWN","30","","Risk-On","","","none","medium","PAUSE/ANT, ext=mild, no trigger today","No trigger",""
"2026-05-06","2026-05-07","2026-05-06","SPNT","20","TAKE","PAUSE","pause","B","Pause","C","35","","Risk-On","23.88999938964844","22.709999084472656","none","medium","PAUSE/ANT in focus list rank=20, ext=none; pre-trigger watch","Pause low breaks or no expansion in 5 sessions",""
"2026-05-06","2026-05-07","2026-05-06","NWBI","","","","","C","Unknown","UNKNOWN","30","","Risk-On","","","none","medium","PAUSE/ANT, ext=none, no trigger today","No trigger",""
"2026-05-06","2026-05-07","2026-05-06","WSFS","","","","","C","Unknown","UNKNOWN","30","","Risk-On","","","none","medium","PAUSE/ANT, ext=mild, no trigger today","No trigger",""
"2026-05-06","2026-05-07","2026-05-06","MET","18","TAKE","PAUSE","pause","B","Pause","C","35","","Risk-On","81.08000183105469","78.06999969482422","none","medium","PAUSE/ANT in focus list rank=18, ext=none; pre-trigger watch","Pause low breaks or no expansion in 5 sessions",""
"2026-05-06","2026-05-07","2026-05-06","TALK","8","TAKE","PAUSE+ANT","anticipation","B","Pause_continuation","C","40","","Risk-On","5.199999809265137","5.170000076293945","none","medium","PAUSE/ANT in focus list rank=8, ext=none; pre-trigger watch","Pause low breaks or no expansion in 5 sessions",""
"2026-05-06","2026-05-07","2026-05-06","CVGW","","","","","C","Unknown","UNKNOWN","30","","Risk-On","","","none","medium","PAUSE/ANT, ext=none, no trigger today","No trigger",""
"2026-05-06","2026-05-07","2026-05-06","SYBT","19","TAKE","PAUSE","pause","B","Pause","C","35","","Risk-On","73.11000061035156","69.88999938964844","none","medium","PAUSE/ANT in focus list rank=19, ext=none; pre-trigger watch","Pause low breaks or no expansion in 5 sessions",""
"2026-05-06","2026-05-07","2026-05-06","GL","","","","","C","Unknown","UNKNOWN","30","","Risk-On","","","none","medium","PAUSE/ANT, ext=mild, no trigger today","No trigger",""
"2026-05-06","2026-05-07","2026-05-06","CLBK","","","","","C","Unknown","UNKNOWN","30","","Risk-On","","","none","medium","PAUSE/ANT, ext=none, no trigger today","No trigger",""
"2026-05-06","2026-05-07","2026-05-06","BBDC","","","","","C","Unknown","UNKNOWN","30","","Risk-On","","","none","medium","PAUSE/ANT, ext=none, no trigger today","No trigger",""
"2026-05-06","2026-05-07","2026-05-06","VLY","","","","","C","Unknown","UNKNOWN","30","","Risk-On","","","none","medium","PAUSE/ANT, ext=none, no trigger today","No trigger",""
"2026-05-05","2026-05-07","2026-05-06","TERN","","","","","C","Unknown","UNKNOWN","30","","Risk-On","","","none","medium","[stale-date row last_bar_date=2026-05-05 ≠ pack_date] PAUSE/ANT, ext=mild, no trigger today","No trigger",""
"2026-05-06","2026-05-07","2026-05-06","VRE","","","","","C","Unknown","UNKNOWN","30","","Risk-On","","","none","medium","PAUSE/ANT, ext=none, no trigger today","No trigger",""
"2026-05-06","2026-05-07","2026-05-06","TALK","8","TAKE","PAUSE+ANT","anticipation","B","Pause_continuation","C","40","","Risk-On","5.199999809265137","5.170000076293945","none","medium","PAUSE/ANT in focus list rank=8, ext=none; pre-trigger watch","Pause low breaks or no expansion in 5 sessions",""
"2026-05-06","2026-05-07","2026-05-06","WSR","7","TAKE","PAUSE+ANT","pause","B","Pause_continuation","C","40","","Risk-On","18.989999771118164","18.90999984741211","none","medium","PAUSE/ANT in focus list rank=7, ext=mild; pre-trigger watch","Pause low breaks or no expansion in 5 sessions",""
"2026-05-06","2026-05-07","2026-05-06","GSAT","","","","","C","Unknown","UNKNOWN","30","","Risk-On","","","none","medium","PAUSE/ANT, ext=mild, no trigger today","No trigger",""
"2026-05-06","2026-05-07","2026-05-06","TBPH","","","","","C","Unknown","UNKNOWN","30","","Risk-On","","","none","medium","PAUSE/ANTICIPATION with intraday move 1.26% PAUSE/ANT, ext=none, no trigger today","No trigger",""
"2026-05-06","2026-05-07","2026-05-06","WHD","","","","","C","Unknown","UNKNOWN","30","","Risk-On","","","none","medium","PAUSE/ANT, ext=none, no trigger today","No trigger",""
