signal_date,review_date,pack_date,ticker,focus_rank,tier,setups,primary_setup,action_label,catalyst_type,catalyst_grade,catalyst_confidence,neglect_score,market_mode,trigger_price,invalidation_price,planned_size,analysis_confidence,decision_reason,what_would_prove_wrong,learned_pattern_matches,day1_close_pct_in_range,day1_move_pct,day1_vol_ratio,final_trade_status,ep9m_context_flag,ep9m_context_type,ep9m_priority_boost,ranking_context_score,slingshot_range_break_flag,slingshot_uptrend_pass,slingshot_contraction_quality,planned_rr,ep9m_volume,prior_volume,sugar_baby_flag,total_runs,manual_added,sugar_baby_rank,sugar_baby_score,actionable_kk,kk_confirmed,kk_monster_pass,kk_extension,kk_extension_risk,kk_extend_score,kk_lookahead_safe,kk_at_signal_time
2026-06-25,2026-06-26,2026-06-25,ACLS,,UNKNOWN,SS,slingshot,C,Unknown,UNKNOWN,,,Risk-on,180.93,169.07,none,60,"[V5.9.31 batch-classified]: [V5.9.14 invalidation rationale]: stop sits below the slingshot structural invalidation at 169.07; a close back under it voids the contraction setup. [V5.9.17 Slingshot_vol_gate]: today_vol/prior_vol = 1.12x (FAIL vs 1.2 floor) [V5.9 R:R floor]: target=216.01 (monitoring), R:R=2.96",Close back below the slingshot invalidation or loss of the contraction structure.,,98.06074189198925,6.980044420410841,0.8851199345545914,WATCH,False,NONE,0,0,False,True,42.602436003758534,2.9578,605900.0,541300.0,,,,,,,,,,,,,
2026-06-25,2026-06-26,2026-06-25,ACMR,,UNKNOWN,SS,slingshot,C,Unknown,UNKNOWN,,,Risk-on,108.87,98.45,none,60,"[V5.9.31 batch-classified]: [V5.9.14 invalidation rationale]: stop sits below the slingshot structural invalidation at 98.45; a close back under it voids the contraction setup. [V5.9.17 Slingshot_vol_gate]: today_vol/prior_vol = 1.01x (FAIL vs 1.2 floor) [V5.9 R:R floor]: target=129.69 (FAIL vs 2.0 floor), R:R=2.00",Close back below the slingshot invalidation or loss of the contraction structure.,,80.71016297754163,5.177167534673008,1.0575617112392517,WATCH,False,NONE,0,0,False,True,37.27251481691434,1.9979,1750400.0,1729100.0,,,,,,,,,,,,,
2026-06-25,2026-06-26,2026-06-25,AIN,,UNKNOWN,SS,slingshot,C,Unknown,UNKNOWN,,,Risk-on,75.29,72.05,none,60,"Slingshot with no defensible target (eval-2R fallback only); held as WATCH with no committed R:R. [V5.9.14 invalidation rationale]: stop sits below the slingshot structural invalidation at 72.05; a close back under it voids the contraction setup. [V5.9.17 Slingshot_vol_gate]: today_vol/prior_vol = 1.16x (FAIL vs 1.2 floor) [V5.9 R:R floor]: target=NA (monitoring — no defensible target), R:R=NA [V5.9.27 target_consistency]: TARGET_STRUCTURE_FAIL",Close back below the slingshot invalidation or loss of the contraction structure.,,92.9011262783365,4.3079467948325805,0.9340613882683875,WATCH,False,NONE,0,0,True,True,56.32515135701857,,225800.0,194300.0,,,,,,,,,,,,,
2026-06-25,2026-06-26,2026-06-25,ALNT,,UNKNOWN,SS,slingshot,C,Unknown,UNKNOWN,,,Risk-on,104.65,100.14,none,60,"[V5.9.31 batch-classified]: [V5.9.14 invalidation rationale]: stop sits below the slingshot structural invalidation at 100.14; a close back under it voids the contraction setup. [V5.9.17 Slingshot_vol_gate]: today_vol/prior_vol = 1.04x (FAIL vs 1.2 floor) [V5.9 R:R floor]: target=112.46 (FAIL vs 2.0 floor), R:R=1.73",Close back below the slingshot invalidation or loss of the contraction structure.,,47.00669051908616,4.378892377333947,1.350688847157363,WATCH,False,NONE,0,0,True,True,51.06370623070637,1.7317,325100.0,313100.0,,,,,,,,,,,,,
2026-06-25,2026-06-26,2026-06-25,ALSN,,UNKNOWN,SS,slingshot,C,Unknown,UNKNOWN,,,Risk-on,125.90,121.27,none,60,"[V5.9.31 batch-classified]: [V5.9.14 invalidation rationale]: stop sits below the slingshot structural invalidation at 121.27; a close back under it voids the contraction setup. [V5.9.17 Slingshot_vol_gate]: today_vol/prior_vol = 0.80x (FAIL vs 1.2 floor) [V5.9 R:R floor]: target=129.49 (FAIL vs 2.0 floor), R:R=0.78",Close back below the slingshot invalidation or loss of the contraction structure.,,70.19431042210446,4.044114576829016,0.5579458739343918,WATCH,False,NONE,0,0,True,True,55.060135911761584,0.7754,514300.0,641300.0,,,,,,,,,,,,,
2026-06-25,2026-06-26,2026-06-25,ALV,,UNKNOWN,SS,slingshot,C,Unknown,UNKNOWN,,,Risk-on,121.36,119.10,none,60,"[V5.9.31 batch-classified]: [V5.9.14 invalidation rationale]: stop sits below the slingshot structural invalidation at 119.10; a close back under it voids the contraction setup. [V5.9.17 Slingshot_vol_gate]: today_vol/prior_vol = 0.76x (FAIL vs 1.2 floor) [V5.9 R:R floor]: target=129.65 (monitoring), R:R=3.67",Close back below the slingshot invalidation or loss of the contraction structure.,,75.6636047842335,1.6063885687159793,0.7389430127543588,WATCH,False,NONE,0,0,False,True,12.18505417641913,3.6681,598600.0,786800.0,,,,,,,,,,,,,
2026-06-25,2026-06-26,2026-06-25,AMAT,1,TAKE,AB+EP+9M,active_burst,B,Unknown,UNKNOWN,,,Risk-on,,,none,45,"ACTIVE_BURST momentum, no committed entry in pack (no trigger/stop). Extension distance_from_21ema=21.9% (severe) — wait for a reset or pullback before considering any entry. [V5.9.20 EP9M_context]: type=EP9M_PLUS_REAL_SETUP; primary=active_burst; boost=0",Breakdown below the rising 21EMA or failure to reset the extension.,,97.95031660983926,13.418346134443366,2.0031339616654975,WATCH,True,EP9M_PLUS_REAL_SETUP,0,0,,,,,,,,,,,,,,,,,,,
2026-06-25,2026-06-26,2026-06-25,APLE,,UNKNOWN,SS,slingshot,C,Unknown,UNKNOWN,,,Risk-on,16.97,16.65,none,60,"[V5.9.31 batch-classified]: [V5.9.14 invalidation rationale]: stop sits below the slingshot structural invalidation at 16.65; a close back under it voids the contraction setup. [V5.9.17 Slingshot_vol_gate]: today_vol/prior_vol = 0.59x (FAIL vs 1.2 floor) [V5.9 R:R floor]: target=17.62 (monitoring), R:R=2.04",Close back below the slingshot invalidation or loss of the contraction structure.,,87.42165148179915,1.7427940274309754,0.8890569242051559,WATCH,False,NONE,0,0,True,True,43.441396455987245,2.044,3040500.0,5148200.0,,,,,,,,,,,,,
2026-06-25,2026-06-26,2026-06-25,AYI,19,WATCH,AB+EP,active_burst,B,Unknown,UNKNOWN,,,Risk-on,,,none,45,"ACTIVE_BURST momentum, no committed entry in pack (no trigger/stop). Extension distance_from_21ema=17.1% (none) — monitor for a committed setup. [V5.9 DTE_note]: dte_status=DTE_BLOCKED (earnings 2026-06-25); secondary flag only.",Breakdown below the rising 21EMA or failure to reset the extension.,,60.21919154840195,17.63608495975208,4.64252781369869,WATCH,False,NONE,0,0,,,,,,,,,,,,,,,,,,,
2026-06-25,2026-06-26,2026-06-25,BDSX,3,TAKE,AB+EP,active_burst,B,Unknown,UNKNOWN,,,Risk-on,,,none,45,"ACTIVE_BURST momentum, no committed entry in pack (no trigger/stop). Extension distance_from_21ema=22.1% (severe) — wait for a reset or pullback before considering any entry.",Breakdown below the rising 21EMA or failure to reset the extension.,,31.66146281146897,7.337979826646835,3.6140133404167405,WATCH,False,NONE,0,0,,,,,,,,,,,,,,,,,,,
2026-06-25,2026-06-26,2026-06-25,BHE,,UNKNOWN,SS,slingshot,C,Unknown,UNKNOWN,,,Risk-on,98.50,93.63,none,60,"[V5.9.31 batch-classified]: [V5.9.14 invalidation rationale]: stop sits below the slingshot structural invalidation at 93.63; a close back under it voids the contraction setup. [V5.9.17 Slingshot_vol_gate]: today_vol/prior_vol = 0.81x (FAIL vs 1.2 floor) [V5.9 R:R floor]: target=101.50 (FAIL vs 2.0 floor), R:R=0.62",Close back below the slingshot invalidation or loss of the contraction structure.,,73.10068131864689,5.779283137484799,0.9745191223584171,WATCH,False,NONE,0,0,True,True,46.84999606645266,0.616,458100.0,564800.0,,,,,,,,,,,,,
2026-06-25,2026-06-26,2026-06-25,BIO,,UNKNOWN,SS,slingshot,B,Unknown,UNKNOWN,,,Risk-on,301.76,280.78,none,60,"[V5.9.31 batch-classified]: [V5.9.14 invalidation rationale]: stop sits below the slingshot structural invalidation at 280.78; a close back under it voids the contraction setup. [V5.9.17 Slingshot_vol_gate]: today_vol/prior_vol = 1.84x (PASS vs 1.2 floor) [V5.9 R:R floor]: target=316.22 (FAIL vs 2.0 floor), R:R=0.69",Close back below the slingshot invalidation or loss of the contraction structure.,,83.46044135551506,6.513130350656305,1.493064490899825,WATCH,False,NONE,0,0,True,True,49.45403532938103,0.6892,591800.0,322400.0,,,,,,,,,,,,,
2026-06-25,2026-06-26,2026-06-25,BJRI,,UNKNOWN,SS,slingshot,C,Unknown,UNKNOWN,,,Risk-on,56.40,54.50,none,60,"[V5.9.31 batch-classified]: [V5.9.14 invalidation rationale]: stop sits below the slingshot structural invalidation at 54.50; a close back under it voids the contraction setup. [V5.9.17 Slingshot_vol_gate]: today_vol/prior_vol = 0.31x (FAIL vs 1.2 floor) [V5.9 R:R floor]: target=60.94 (monitoring), R:R=2.39",Close back below the slingshot invalidation or loss of the contraction structure.,,96.31580849432012,3.130726716605073,0.8002497233179148,WATCH,False,NONE,0,0,True,True,24.544105978678044,2.3895,338400.0,1103100.0,,,,,,,,,,,,,
2026-06-25,2026-06-26,2026-06-25,BLFS,4,TAKE,SS+AB,slingshot,B,Unknown,UNKNOWN,,,Risk-on,28.03,25.59,none,60,"[V5.9.31 batch-classified]: [V5.9.14 invalidation rationale]: stop sits below the slingshot structural invalidation at 25.59; a close back under it voids the contraction setup. [V5.9.17 Slingshot_vol_gate]: today_vol/prior_vol = 1.84x (PASS vs 1.2 floor) [V5.9 R:R floor]: target=30.03 (FAIL vs 2.0 floor), R:R=0.82",Close back below the slingshot invalidation or loss of the contraction structure.,,78.27866513766129,7.5479089879161965,3.1499792571105645,WATCH,False,NONE,0,0,True,True,60.265741984839316,0.8197,1928600.0,1047100.0,,,,,,,,,,,,,
2026-06-25,2026-06-26,2026-06-25,CALY,,UNKNOWN,SS,slingshot,C,Unknown,UNKNOWN,,,Risk-on,18.63,18.20,none,60,"[V5.9.31 batch-classified]: [V5.9.14 invalidation rationale]: stop sits below the slingshot structural invalidation at 18.20; a close back under it voids the contraction setup. [V5.9.17 Slingshot_vol_gate]: today_vol/prior_vol = 0.64x (FAIL vs 1.2 floor) [V5.9 R:R floor]: target=20.23 (monitoring), R:R=3.72",Close back below the slingshot invalidation or loss of the contraction structure.,,65.11623780733933,2.2123872799678703,0.5553742988837674,WATCH,False,NONE,0,0,True,True,27.724214313329163,3.7209,1600100.0,2512400.0,,,,,,,,,,,,,
2026-06-25,2026-06-26,2026-06-25,CAT,7,TAKE,AB,active_burst,B,Unknown,UNKNOWN,,,Risk-on,,,none,45,"ACTIVE_BURST momentum, no committed entry in pack (no trigger/stop). Extension distance_from_21ema=11.8% (none) — monitor for a committed setup.",Breakdown below the rising 21EMA or failure to reset the extension.,,99.85753125752603,6.2909142531710875,1.6746416661495904,WATCH,False,NONE,0,0,,,,,,,,,,,,,,,,,,,
2026-06-25,2026-06-26,2026-06-25,CLMT,,UNKNOWN,SS,slingshot,C,Unknown,UNKNOWN,,,Risk-on,34.34,32.15,none,60,"[V5.9.31 batch-classified]: [V5.9.14 invalidation rationale]: stop sits below the slingshot structural invalidation at 32.15; a close back under it voids the contraction setup. [V5.9.17 Slingshot_vol_gate]: today_vol/prior_vol = 0.59x (FAIL vs 1.2 floor) [V5.9 R:R floor]: target=36.26 (FAIL vs 2.0 floor), R:R=0.88",Close back below the slingshot invalidation or loss of the contraction structure.,,96.8036648986666,4.67317868313721,0.5525393624141989,WATCH,False,NONE,0,0,False,True,49.753021475227435,0.8767,505200.0,856800.0,,,,,,,,,,,,,
2026-06-25,2026-06-26,2026-06-25,CMC,,UNKNOWN,SS,slingshot,C,Unknown,UNKNOWN,,,Risk-on,74.41,72.12,none,60,"[V5.9.31 batch-classified]: [V5.9.14 invalidation rationale]: stop sits below the slingshot structural invalidation at 72.12; a close back under it voids the contraction setup. [V5.9.17 Slingshot_vol_gate]: today_vol/prior_vol = 1.05x (FAIL vs 1.2 floor) [V5.9 R:R floor]: target=82.89 (monitoring), R:R=3.70 [V5.9 DTE_note]: dte_status=DTE_BLOCKED (earnings 2026-06-25); secondary flag only, not a promotion blocker this run.",Close back below the slingshot invalidation or loss of the contraction structure.,,86.02588662524363,3.942196417952111,1.744337901531131,WATCH,False,NONE,0,0,False,True,35.38233794499702,3.7031,1763100.0,1671300.0,,,,,,,,,,,,,
2026-06-25,2026-06-26,2026-06-25,CMPS,,UNKNOWN,SS,slingshot,C,Unknown,UNKNOWN,,,Risk-on,13.63,12.70,none,60,"[V5.9.31 batch-classified]: [V5.9.14 invalidation rationale]: stop sits below the slingshot structural invalidation at 12.70; a close back under it voids the contraction setup. [V5.9.17 Slingshot_vol_gate]: today_vol/prior_vol = 0.77x (FAIL vs 1.2 floor) [V5.9 R:R floor]: target=15.49 (FAIL vs 2.0 floor), R:R=2.00",Close back below the slingshot invalidation or loss of the contraction structure.,,94.62363716908537,7.949125644393495,0.659922595733021,WATCH,False,NONE,0,0,True,True,50.545247472948994,1.9989,3169500.0,4098600.0,,,,,,,,,,,,,
2026-06-25,2026-06-26,2026-06-25,CSW,,UNKNOWN,SS,slingshot,C,Unknown,UNKNOWN,,,Risk-on,295.00,282.61,none,60,"[V5.9.31 batch-classified]: [V5.9.14 invalidation rationale]: stop sits below the slingshot structural invalidation at 282.61; a close back under it voids the contraction setup. [V5.9.17 Slingshot_vol_gate]: today_vol/prior_vol = 0.60x (FAIL vs 1.2 floor) [V5.9 R:R floor]: target=302.73 (FAIL vs 2.0 floor), R:R=0.62",Close back below the slingshot invalidation or loss of the contraction structure.,,45.01419306511069,2.7561902666485167,0.7025863322956972,WATCH,False,NONE,0,0,True,True,60.50577089262886,0.6241,96600.0,159800.0,,,,,,,,,,,,,
2026-06-25,2026-06-26,2026-06-25,CSX,,UNKNOWN,SS+9M,slingshot,C,Unknown,UNKNOWN,,,Risk-on,47.59,46.01,none,60,"[V5.9.31 batch-classified]: [V5.9.14 invalidation rationale]: stop sits below the slingshot structural invalidation at 46.01; a close back under it voids the contraction setup. [V5.9.17 Slingshot_vol_gate]: today_vol/prior_vol = 0.91x (FAIL vs 1.2 floor) [V5.9 R:R floor]: target=48.77 (FAIL vs 2.0 floor), R:R=0.75 [V5.9.20 EP9M_context]: type=EP9M_PLUS_REAL_SETUP; primary=slingshot; boost=0",Close back below the slingshot invalidation or loss of the contraction structure.,,90.50624354158015,2.9960860014611135,0.9017407809867004,WATCH,True,EP9M_PLUS_REAL_SETUP,0,0,False,True,54.1845480843291,0.7468,11378800.0,12564700.0,,,,,,,,,,,,,
2026-06-25,2026-06-26,2026-06-25,DCO,,UNKNOWN,SS,slingshot,C,Unknown,UNKNOWN,,,Risk-on,173.03,166.36,none,60,"[V5.9.31 batch-classified]: [V5.9.14 invalidation rationale]: stop sits below the slingshot structural invalidation at 166.36; a close back under it voids the contraction setup. [V5.9.17 Slingshot_vol_gate]: today_vol/prior_vol = 0.97x (FAIL vs 1.2 floor) [V5.9 R:R floor]: target=178.36 (FAIL vs 2.0 floor), R:R=0.80",Close back below the slingshot invalidation or loss of the contraction structure.,,60.719702602230484,3.085116556067905,0.9781087830537893,WATCH,False,NONE,0,0,True,True,53.75059407219713,0.7991,220900.0,226600.0,,,,,,,,,,,,,
2026-06-25,2026-06-26,2026-06-25,DCOM,,UNKNOWN,SS,slingshot,C,Unknown,UNKNOWN,,,Risk-on,40.04,39.63,none,60,"[V5.9.31 batch-classified]: [V5.9.14 invalidation rationale]: stop sits below the slingshot structural invalidation at 39.63; a close back under it voids the contraction setup. [V5.9.17 Slingshot_vol_gate]: today_vol/prior_vol = 0.70x (FAIL vs 1.2 floor) [V5.9 R:R floor]: target=41.85 (monitoring), R:R=4.41",Close back below the slingshot invalidation or loss of the contraction structure.,,82.92689734738879,0.5028935394452834,1.011376295446106,WATCH,False,NONE,0,0,False,True,56.07314537460895,4.4146,299600.0,426000.0,,,,,,,,,,,,,
2026-06-25,2026-06-26,2026-06-25,DINO,,UNKNOWN,SS,slingshot,C,Unknown,UNKNOWN,,,Risk-on,68.25,65.30,none,60,"[V5.9.31 batch-classified]: [V5.9.14 invalidation rationale]: stop sits below the slingshot structural invalidation at 65.30; a close back under it voids the contraction setup. [V5.9.17 Slingshot_vol_gate]: today_vol/prior_vol = 1.12x (FAIL vs 1.2 floor) [V5.9 R:R floor]: target=69.94 (FAIL vs 2.0 floor), R:R=0.57",Close back below the slingshot invalidation or loss of the contraction structure.,,84.0677387485711,3.0717709511044697,1.026784911072519,WATCH,False,NONE,0,0,False,True,32.17306074736205,0.5729,2396900.0,2132300.0,,,,,,,,,,,,,
2026-06-25,2026-06-26,2026-06-25,DRH,,UNKNOWN,SS,slingshot,B,Unknown,UNKNOWN,,,Risk-on,12.42,12.19,none,60,"Closest promotion-floor candidate: volume gate PASS and numeric R:R>=2.0 on a defensible measured-move target, but the slingshot structure gate fails (range-break/contraction-quality), so the row holds as B/WATCH (STRUCTURE_GATE_FAIL). [V5.9.14 invalidation rationale]: stop sits below the slingshot structural invalidation at 12.19; a close back under it voids the contraction setup. [V5.9.17 Slingshot_vol_gate]: today_vol/prior_vol = 1.28x (PASS vs 1.2 floor) [V5.9 R:R floor]: target=13.10 (monitoring), R:R=2.96",Close back below the slingshot invalidation or loss of the contraction structure.,,95.65208377388845,1.8047602510408858,1.562610600012441,WATCH,False,NONE,0,0,True,True,46.99584852843929,2.9565,2914000.0,2278800.0,,,,,,,,,,,,,
2026-06-25,2026-06-26,2026-06-25,DRTS,,UNKNOWN,SS,slingshot,B,Unknown,UNKNOWN,,,Risk-on,11.22,10.01,none,60,"Slingshot with no defensible target (eval-2R fallback only); held as WATCH with no committed R:R. [V5.9.14 invalidation rationale]: stop sits below the slingshot structural invalidation at 10.01; a close back under it voids the contraction setup. [V5.9.17 Slingshot_vol_gate]: today_vol/prior_vol = 1.66x (PASS vs 1.2 floor) [V5.9 R:R floor]: target=NA (monitoring — no defensible target), R:R=NA [V5.9.27 target_consistency]: TARGET_STRUCTURE_FAIL",Close back below the slingshot invalidation or loss of the contraction structure.,,95.86775296210445,11.144277256746866,1.2501531617293609,WATCH,False,NONE,0,0,True,True,70.40322231072689,,1061100.0,637800.0,,,,,,,,,,,,,
2026-06-25,2026-06-26,2026-06-25,FBK,,UNKNOWN,SS,slingshot,C,Unknown,UNKNOWN,,,Risk-on,55.79,54.98,none,60,"[V5.9.31 batch-classified]: [V5.9.14 invalidation rationale]: stop sits below the slingshot structural invalidation at 54.98; a close back under it voids the contraction setup. [V5.9.17 Slingshot_vol_gate]: today_vol/prior_vol = 0.68x (FAIL vs 1.2 floor) [V5.9 R:R floor]: target=58.29 (monitoring), R:R=3.09",Close back below the slingshot invalidation or loss of the contraction structure.,,62.96311994612338,1.4813485164050817,0.861173023465478,WATCH,False,NONE,0,0,True,True,53.29704138633389,3.0864,275100.0,404500.0,,,,,,,,,,,,,
2026-06-25,2026-06-26,2026-06-25,FDX,,UNKNOWN,SS,slingshot,C,Unknown,UNKNOWN,,,Risk-on,329.49,317.75,none,60,"[V5.9.31 batch-classified]: [V5.9.14 invalidation rationale]: stop sits below the slingshot structural invalidation at 317.75; a close back under it voids the contraction setup. [V5.9.17 Slingshot_vol_gate]: today_vol/prior_vol = 0.45x (FAIL vs 1.2 floor) [V5.9 R:R floor]: target=370.31 (monitoring), R:R=3.48",Close back below the slingshot invalidation or loss of the contraction structure.,,99.5742092457421,3.980057571433319,1.2799603919875038,WATCH,False,NONE,0,0,False,True,32.82607709647214,3.477,2707900.0,5960700.0,,,,,,,,,,,,,
2026-06-25,2026-06-26,2026-06-25,FELE,,UNKNOWN,SS,slingshot,C,Unknown,UNKNOWN,,,Risk-on,109.32,105.52,none,60,"[V5.9.31 batch-classified]: [V5.9.14 invalidation rationale]: stop sits below the slingshot structural invalidation at 105.52; a close back under it voids the contraction setup. [V5.9.17 Slingshot_vol_gate]: today_vol/prior_vol = 0.88x (FAIL vs 1.2 floor) [V5.9 R:R floor]: target=112.15 (FAIL vs 2.0 floor), R:R=0.74",Close back below the slingshot invalidation or loss of the contraction structure.,,88.4209976830752,3.8138826322953996,0.8442680334238939,WATCH,False,NONE,0,0,True,True,56.30176321646721,0.7447,262900.0,299300.0,,,,,,,,,,,,,
2026-06-25,2026-06-26,2026-06-25,FTI,,UNKNOWN,SS,slingshot,C,Unknown,UNKNOWN,,,Risk-on,67.34,64.32,none,60,"[V5.9.31 batch-classified]: [V5.9.14 invalidation rationale]: stop sits below the slingshot structural invalidation at 64.32; a close back under it voids the contraction setup. [V5.9.17 Slingshot_vol_gate]: today_vol/prior_vol = 0.81x (FAIL vs 1.2 floor) [V5.9 R:R floor]: target=73.12 (FAIL vs 2.0 floor), R:R=1.91",Close back below the slingshot invalidation or loss of the contraction structure.,,89.73516876896298,4.261934709519916,0.8297351728889506,WATCH,False,NONE,0,0,False,True,36.448695952642105,1.9139,3979000.0,4887800.0,,,,,,,,,,,,,
2026-06-25,2026-06-26,2026-06-25,FTNT,,UNKNOWN,SS,slingshot,B,Unknown,UNKNOWN,,,Risk-on,151.97,144.62,none,60,"[V5.9.31 batch-classified]: [V5.9.14 invalidation rationale]: stop sits below the slingshot structural invalidation at 144.62; a close back under it voids the contraction setup. [V5.9.17 Slingshot_vol_gate]: today_vol/prior_vol = 1.38x (PASS vs 1.2 floor) [V5.9 R:R floor]: target=158.59 (FAIL vs 2.0 floor), R:R=0.90",Close back below the slingshot invalidation or loss of the contraction structure.,,72.24480474994292,3.200711684716109,1.025290145725914,WATCH,False,NONE,0,0,True,True,65.68844596754002,0.9007,6546900.0,4742300.0,,,,,,,,,,,,,
2026-06-25,2026-06-26,2026-06-25,FTV,,UNKNOWN,SS,slingshot,C,Unknown,UNKNOWN,,,Risk-on,61.99,60.67,none,60,"[V5.9.31 batch-classified]: [V5.9.14 invalidation rationale]: stop sits below the slingshot structural invalidation at 60.67; a close back under it voids the contraction setup. [V5.9.17 Slingshot_vol_gate]: today_vol/prior_vol = 0.78x (FAIL vs 1.2 floor) [V5.9 R:R floor]: target=66.27 (monitoring), R:R=3.25",Close back below the slingshot invalidation or loss of the contraction structure.,,80.6377518508649,2.218910690728675,0.7990880933134437,WATCH,False,NONE,0,0,True,True,47.294337252321874,3.2536,2595900.0,3329500.0,,,,,,,,,,,,,
2026-06-25,2026-06-26,2026-06-25,GEO,12,TAKE,PAUSE,pause,B,Unknown,UNKNOWN,,,Risk-on,,,none,40,[WATCH_MONITORING_NO_COMMITTED_RISK_PLAN]: PAUSE family with no committed risk plan in pack (no trigger/stop). Monitor only; no entry until a structured setup forms.,"No committed setup materializes, or structure breaks down.",,44.31815472513563,-0.17018120656488903,0.6549232847719281,WATCH,False,NONE,0,0,,,,,,,,,,,,,,,,,,,
2026-06-25,2026-06-26,2026-06-25,GLW,20,WATCH,AB+9M,active_burst,B,Unknown,UNKNOWN,,,Risk-on,,,none,45,"ACTIVE_BURST momentum, no committed entry in pack (no trigger/stop). Extension distance_from_21ema=18.9% (none) — monitor for a committed setup. [V5.9.20 EP9M_context]: type=EP9M_PLUS_REAL_SETUP; primary=active_burst; boost=0",Breakdown below the rising 21EMA or failure to reset the extension.,,85.75511383426053,10.775879356006902,1.8782547420245121,WATCH,True,EP9M_PLUS_REAL_SETUP,0,0,,,,,,,,,,,,,,,,,,,
2026-06-25,2026-06-26,2026-06-25,GNTX,,UNKNOWN,SS,slingshot,C,Unknown,UNKNOWN,,,Risk-on,25.77,25.20,none,60,"[V5.9.31 batch-classified]: [V5.9.14 invalidation rationale]: stop sits below the slingshot structural invalidation at 25.20; a close back under it voids the contraction setup. [V5.9.17 Slingshot_vol_gate]: today_vol/prior_vol = 0.62x (FAIL vs 1.2 floor) [V5.9 R:R floor]: target=28.07 (monitoring), R:R=4.04",Close back below the slingshot invalidation or loss of the contraction structure.,,100.0,2.915333528536951,0.7741613607880693,WATCH,False,NONE,0,0,False,True,45.71882734241347,4.0351,1812400.0,2941000.0,,,,,,,,,,,,,
2026-06-25,2026-06-26,2026-06-25,GRC,,UNKNOWN,SS,slingshot,C,Unknown,UNKNOWN,,,Risk-on,91.38,87.00,none,60,"[V5.9.31 batch-classified]: [V5.9.14 invalidation rationale]: stop sits below the slingshot structural invalidation at 87.00; a close back under it voids the contraction setup. [V5.9.17 Slingshot_vol_gate]: today_vol/prior_vol = 0.64x (FAIL vs 1.2 floor) [V5.9 R:R floor]: target=94.26 (FAIL vs 2.0 floor), R:R=0.66",Close back below the slingshot invalidation or loss of the contraction structure.,,87.89956366106655,5.848766790134321,0.996988501551378,WATCH,False,NONE,0,0,True,True,33.73908336848317,0.6575,174800.0,273800.0,,,,,,,,,,,,,
2026-06-25,2026-06-26,2026-06-25,GTX,,UNKNOWN,SS,slingshot,B,Unknown,UNKNOWN,,,Risk-on,35.01,33.65,none,60,"[V5.9.31 batch-classified]: [V5.9.14 invalidation rationale]: stop sits below the slingshot structural invalidation at 33.65; a close back under it voids the contraction setup. [V5.9.17 Slingshot_vol_gate]: today_vol/prior_vol = 1.23x (PASS vs 1.2 floor) [V5.9 R:R floor]: target=37.64 (FAIL vs 2.0 floor), R:R=1.93",Close back below the slingshot invalidation or loss of the contraction structure.,,100.0,5.072024736457309,1.3618115075525883,WATCH,False,NONE,0,0,True,True,52.62027484567475,1.9331,3913100.0,3171300.0,,,,,,,,,,,,,
2026-06-25,2026-06-26,2026-06-25,GWW,,UNKNOWN,SS,slingshot,C,Unknown,UNKNOWN,,,Risk-on,1390.96,1337.76,none,60,"[V5.9.31 batch-classified]: [V5.9.14 invalidation rationale]: stop sits below the slingshot structural invalidation at 1337.76; a close back under it voids the contraction setup. [V5.9.17 Slingshot_vol_gate]: today_vol/prior_vol = 0.33x (FAIL vs 1.2 floor) [V5.9 R:R floor]: target=1449.67 (FAIL vs 2.0 floor), R:R=1.10",Close back below the slingshot invalidation or loss of the contraction structure.,,69.58656674636427,2.399136305474657,1.048489703595495,WATCH,False,NONE,0,0,True,True,58.13111804612554,1.1036,311500.0,942500.0,,,,,,,,,,,,,
2026-06-25,2026-06-26,2026-06-25,HTLD,,UNKNOWN,SS,slingshot,C,Unknown,UNKNOWN,,,Risk-on,15.29,14.59,none,60,"[V5.9.31 batch-classified]: [V5.9.14 invalidation rationale]: stop sits below the slingshot structural invalidation at 14.59; a close back under it voids the contraction setup. [V5.9.17 Slingshot_vol_gate]: today_vol/prior_vol = 0.96x (FAIL vs 1.2 floor) [V5.9 R:R floor]: target=16.52 (FAIL vs 2.0 floor), R:R=1.76",Close back below the slingshot invalidation or loss of the contraction structure.,,98.5713954847596,4.729263695455908,0.8460608914542137,WATCH,False,NONE,0,0,False,True,30.56063727759729,1.7571,488700.0,507600.0,,,,,,,,,,,,,
2026-06-25,2026-06-26,2026-06-25,HUM,,UNKNOWN,SS,slingshot,C,Unknown,UNKNOWN,,,Risk-on,379.65,358.55,none,60,"[V5.9.31 batch-classified]: [V5.9.14 invalidation rationale]: stop sits below the slingshot structural invalidation at 358.55; a close back under it voids the contraction setup. [V5.9.17 Slingshot_vol_gate]: today_vol/prior_vol = 0.69x (FAIL vs 1.2 floor) [V5.9 R:R floor]: target=386.86 (FAIL vs 2.0 floor), R:R=0.34",Close back below the slingshot invalidation or loss of the contraction structure.,,82.70145573144539,3.9707954789025015,0.6847383824684131,WATCH,False,NONE,0,0,False,True,62.199354422814565,0.3417,1151100.0,1663000.0,,,,,,,,,,,,,
2026-06-25,2026-06-26,2026-06-25,ITW,,UNKNOWN,SS,slingshot,C,Unknown,UNKNOWN,,,Risk-on,273.25,265.28,none,60,"[V5.9.31 batch-classified]: [V5.9.14 invalidation rationale]: stop sits below the slingshot structural invalidation at 265.28; a close back under it voids the contraction setup. [V5.9.17 Slingshot_vol_gate]: today_vol/prior_vol = 0.91x (FAIL vs 1.2 floor) [V5.9 R:R floor]: target=278.02 (FAIL vs 2.0 floor), R:R=0.60",Close back below the slingshot invalidation or loss of the contraction structure.,,66.75039534999483,2.6243983692168737,1.18988757728251,WATCH,False,NONE,0,0,True,True,27.935727509875953,0.5985,1650900.0,1823300.0,,,,,,,,,,,,,
2026-06-25,2026-06-26,2026-06-25,KDP,,UNKNOWN,SS+9M,slingshot,B,Unknown,UNKNOWN,,,Risk-on,32.58,31.72,none,60,"Closest promotion-floor candidate: volume gate PASS and numeric R:R>=2.0 on a defensible measured-move target, but the slingshot structure gate fails (range-break/contraction-quality), so the row holds as B/WATCH (STRUCTURE_GATE_FAIL). [V5.9.14 invalidation rationale]: stop sits below the slingshot structural invalidation at 31.72; a close back under it voids the contraction setup. [V5.9.17 Slingshot_vol_gate]: today_vol/prior_vol = 1.24x (PASS vs 1.2 floor) [V5.9 R:R floor]: target=34.63 (monitoring), R:R=2.38 [V5.9.20 EP9M_context]: type=EP9M_PLUS_REAL_SETUP; primary=slingshot; boost=0",Close back below the slingshot invalidation or loss of the contraction structure.,,93.02311655418518,3.5668816969425867,1.6117575516412566,WATCH,True,EP9M_PLUS_REAL_SETUP,0,0,True,True,44.51651480651668,2.3837,20090300.0,16212900.0,,,,,,,,,,,,,
2026-06-25,2026-06-26,2026-06-25,KNX,,UNKNOWN,SS,slingshot,C,Unknown,UNKNOWN,,,Risk-on,77.99,75.67,none,60,"[V5.9.31 batch-classified]: [V5.9.14 invalidation rationale]: stop sits below the slingshot structural invalidation at 75.67; a close back under it voids the contraction setup. [V5.9.17 Slingshot_vol_gate]: today_vol/prior_vol = 1.08x (FAIL vs 1.2 floor) [V5.9 R:R floor]: target=81.87 (FAIL vs 2.0 floor), R:R=1.67",Close back below the slingshot invalidation or loss of the contraction structure.,,60.34490129469527,3.421904410398378,0.8987849691474077,WATCH,False,NONE,0,0,False,True,38.10784335005346,1.6724,3958400.0,3651100.0,,,,,,,,,,,,,
2026-06-25,2026-06-26,2026-06-25,KOP,,UNKNOWN,SS,slingshot,C,Unknown,UNKNOWN,,,Risk-on,44.75,43.68,none,60,"[V5.9.31 batch-classified]: [V5.9.14 invalidation rationale]: stop sits below the slingshot structural invalidation at 43.68; a close back under it voids the contraction setup. [V5.9.17 Slingshot_vol_gate]: today_vol/prior_vol = 0.98x (FAIL vs 1.2 floor) [V5.9 R:R floor]: target=48.23 (monitoring), R:R=3.25",Close back below the slingshot invalidation or loss of the contraction structure.,,95.32717277374917,1.8687321669644616,0.8677130044843049,WATCH,False,NONE,0,0,True,True,46.12270109307992,3.2523,154800.0,157400.0,,,,,,,,,,,,,
2026-06-25,2026-06-26,2026-06-25,KRYS,,UNKNOWN,SS,slingshot,C,Unknown,UNKNOWN,,,Risk-on,362.40,347.20,none,60,"[V5.9.31 batch-classified]: [V5.9.14 invalidation rationale]: stop sits below the slingshot structural invalidation at 347.20; a close back under it voids the contraction setup. [V5.9.17 Slingshot_vol_gate]: today_vol/prior_vol = 0.87x (FAIL vs 1.2 floor) [V5.9 R:R floor]: target=390.05 (FAIL vs 2.0 floor), R:R=1.82",Close back below the slingshot invalidation or loss of the contraction structure.,,83.74465264806892,3.538241124242174,1.082518217028819,WATCH,False,NONE,0,0,True,True,38.65967493307774,1.8197,329800.0,378300.0,,,,,,,,,,,,,
2026-06-25,2026-06-26,2026-06-25,KYMR,2,TAKE,AB+EP,active_burst,B,Unknown,UNKNOWN,,,Risk-on,,,none,45,"ACTIVE_BURST momentum, no committed entry in pack (no trigger/stop). Extension distance_from_21ema=30.4% (severe) — wait for a reset or pullback before considering any entry.",Breakdown below the rising 21EMA or failure to reset the extension.,,43.090447284345046,16.61159094987449,6.109550561797753,WATCH,False,NONE,0,0,,,,,,,,,,,,,,,,,,,
2026-06-25,2026-06-26,2026-06-25,LBRT,,UNKNOWN,SS,slingshot,C,Unknown,UNKNOWN,,,Risk-on,27.29,26.20,none,60,"[V5.9.31 batch-classified]: [V5.9.14 invalidation rationale]: stop sits below the slingshot structural invalidation at 26.20; a close back under it voids the contraction setup. [V5.9.17 Slingshot_vol_gate]: today_vol/prior_vol = 0.52x (FAIL vs 1.2 floor) [V5.9 R:R floor]: target=30.73 (monitoring), R:R=3.16",Close back below the slingshot invalidation or loss of the contraction structure.,,96.3301917497559,3.967954795326421,0.9401835260139338,WATCH,False,NONE,0,0,False,True,47.18236073219505,3.156,3435000.0,6547200.0,,,,,,,,,,,,,
2026-06-25,2026-06-26,2026-06-25,LION,,UNKNOWN,SS,slingshot,C,Unknown,UNKNOWN,,,Risk-on,15.83,15.26,none,60,"[V5.9.31 batch-classified]: [V5.9.14 invalidation rationale]: stop sits below the slingshot structural invalidation at 15.26; a close back under it voids the contraction setup. [V5.9.17 Slingshot_vol_gate]: today_vol/prior_vol = 1.08x (FAIL vs 1.2 floor) [V5.9 R:R floor]: target=16.99 (monitoring), R:R=2.02",Close back below the slingshot invalidation or loss of the contraction structure.,,98.26082918277548,3.129071300272127,0.6034816061784221,WATCH,False,NONE,0,0,False,True,13.476124035738158,2.0174,2513000.0,2316800.0,,,,,,,,,,,,,
2026-06-25,2026-06-26,2026-06-25,LYTS,,UNKNOWN,SS,slingshot,B,Unknown,UNKNOWN,,,Risk-on,27.36,26.43,none,60,"[V5.9.31 batch-classified]: [V5.9.14 invalidation rationale]: stop sits below the slingshot structural invalidation at 26.43; a close back under it voids the contraction setup. [V5.9.17 Slingshot_vol_gate]: today_vol/prior_vol = 1.49x (PASS vs 1.2 floor) [V5.9 R:R floor]: target=29.05 (FAIL vs 2.0 floor), R:R=1.82",Close back below the slingshot invalidation or loss of the contraction structure.,,39.78481833022962,3.1165812738579115,0.7306926120597548,WATCH,False,NONE,0,0,True,True,56.03093784583071,1.8172,373400.0,250500.0,,,,,,,,,,,,,
2026-06-25,2026-06-26,2026-06-25,LYV,,UNKNOWN,SS,slingshot,B,Unknown,UNKNOWN,,,Risk-on,176.30,171.27,none,60,"[V5.9.31 batch-classified]: [V5.9.14 invalidation rationale]: stop sits below the slingshot structural invalidation at 171.27; a close back under it voids the contraction setup. [V5.9.17 Slingshot_vol_gate]: today_vol/prior_vol = 1.40x (PASS vs 1.2 floor) [V5.9 R:R floor]: target=183.23 (FAIL vs 2.0 floor), R:R=1.38",Close back below the slingshot invalidation or loss of the contraction structure.,,76.34189403177955,2.1228199473582015,1.0605685345794365,WATCH,False,NONE,0,0,False,True,49.14591095343032,1.3777,2903300.0,2067500.0,,,,,,,,,,,,,
2026-06-25,2026-06-26,2026-06-25,MEC,,UNKNOWN,SS,slingshot,B,Unknown,UNKNOWN,,,Risk-on,35.47,34.24,none,60,"Closest promotion-floor candidate: volume gate PASS and numeric R:R>=2.0 on a defensible measured-move target, but the slingshot structure gate fails (range-break/contraction-quality), so the row holds as B/WATCH (STRUCTURE_GATE_FAIL). [V5.9.14 invalidation rationale]: stop sits below the slingshot structural invalidation at 34.24; a close back under it voids the contraction setup. [V5.9.17 Slingshot_vol_gate]: today_vol/prior_vol = 1.24x (PASS vs 1.2 floor) [V5.9 R:R floor]: target=38.92 (monitoring), R:R=2.79",Close back below the slingshot invalidation or loss of the contraction structure.,,85.42508370708082,2.61704432059342,1.178829953400629,WATCH,False,NONE,0,0,False,True,73.19048711314792,2.7903,544900.0,437700.0,,,,,,,,,,,,,
2026-06-25,2026-06-26,2026-06-25,MLM,,UNKNOWN,SS,slingshot,C,Unknown,UNKNOWN,,,Risk-on,642.18,617.62,none,60,"[V5.9.31 batch-classified]: [V5.9.14 invalidation rationale]: stop sits below the slingshot structural invalidation at 617.62; a close back under it voids the contraction setup. [V5.9.17 Slingshot_vol_gate]: today_vol/prior_vol = 0.99x (FAIL vs 1.2 floor) [V5.9 R:R floor]: target=665.02 (FAIL vs 2.0 floor), R:R=0.93",Close back below the slingshot invalidation or loss of the contraction structure.,,46.09123961520014,1.9979902406306749,1.0019082187841921,WATCH,False,NONE,0,0,True,True,21.047507838881995,0.93,536600.0,544700.0,,,,,,,,,,,,,
2026-06-25,2026-06-26,2026-06-25,MPC,,UNKNOWN,SS,slingshot,C,Unknown,UNKNOWN,,,Risk-on,253.73,244.61,none,60,"[V5.9.31 batch-classified]: [V5.9.14 invalidation rationale]: stop sits below the slingshot structural invalidation at 244.61; a close back under it voids the contraction setup. [V5.9.17 Slingshot_vol_gate]: today_vol/prior_vol = 1.07x (FAIL vs 1.2 floor) [V5.9 R:R floor]: target=262.76 (FAIL vs 2.0 floor), R:R=0.99",Close back below the slingshot invalidation or loss of the contraction structure.,,98.13598399164782,2.859925848386772,0.778565583771139,WATCH,False,NONE,0,0,False,True,30.73920366638234,0.9901,1805900.0,1684100.0,,,,,,,,,,,,,
2026-06-25,2026-06-26,2026-06-25,MSGS,,UNKNOWN,SS,slingshot,C,Unknown,UNKNOWN,,,Risk-on,379.34,365.02,none,60,"[V5.9.31 batch-classified]: [V5.9.14 invalidation rationale]: stop sits below the slingshot structural invalidation at 365.02; a close back under it voids the contraction setup. [V5.9.17 Slingshot_vol_gate]: today_vol/prior_vol = 0.78x (FAIL vs 1.2 floor) [V5.9 R:R floor]: target=392.65 (FAIL vs 2.0 floor), R:R=0.93",Close back below the slingshot invalidation or loss of the contraction structure.,,95.74032793593017,3.4640141008639964,1.1605949457586024,WATCH,False,NONE,0,0,False,True,39.68132847110135,0.9295,298700.0,384700.0,,,,,,,,,,,,,
2026-06-25,2026-06-26,2026-06-25,MSM,,UNKNOWN,SS,slingshot,B,Unknown,UNKNOWN,,,Risk-on,120.20,116.81,none,60,"[V5.9.31 batch-classified]: [V5.9.14 invalidation rationale]: stop sits below the slingshot structural invalidation at 116.81; a close back under it voids the contraction setup. [V5.9.17 Slingshot_vol_gate]: today_vol/prior_vol = 1.56x (PASS vs 1.2 floor) [V5.9 R:R floor]: target=123.61 (FAIL vs 2.0 floor), R:R=1.01 [V5.9 DTE_note]: dte_status=DTE_NEAR (6 calendar days to earnings 2026-07-01); secondary flag only, not a promotion blocker this run.",Close back below the slingshot invalidation or loss of the contraction structure.,,75.51639082311955,2.4195620943672616,1.3609591189488726,WATCH,False,NONE,0,0,True,True,73.08981773328472,1.0059,937200.0,599300.0,,,,,,,,,,,,,
2026-06-25,2026-06-26,2026-06-25,MTUS,,UNKNOWN,SS,slingshot,C,Unknown,UNKNOWN,,,Risk-on,20.30,19.26,none,60,"[V5.9.31 batch-classified]: [V5.9.14 invalidation rationale]: stop sits below the slingshot structural invalidation at 19.26; a close back under it voids the contraction setup. [V5.9.17 Slingshot_vol_gate]: today_vol/prior_vol = 0.99x (FAIL vs 1.2 floor) [V5.9 R:R floor]: target=21.47 (FAIL vs 2.0 floor), R:R=1.12",Close back below the slingshot invalidation or loss of the contraction structure.,,93.269253694116,3.37250821514659,1.09604315851214,WATCH,False,NONE,0,0,False,True,46.60557700302802,1.125,340100.0,344100.0,,,,,,,,,,,,,
2026-06-25,2026-06-26,2026-06-25,MTW,8,TAKE,AB,active_burst,B,Unknown,UNKNOWN,,,Risk-on,,,none,45,"ACTIVE_BURST momentum, no committed entry in pack (no trigger/stop). Extension distance_from_21ema=13.2% (moderate) — monitor for a committed setup.",Breakdown below the rising 21EMA or failure to reset the extension.,,94.8529623165316,7.349664079379686,1.4089998686629892,WATCH,False,NONE,0,0,,,,,,,,,,,,,,,,,,,
2026-06-25,2026-06-26,2026-06-25,MU,14,WATCH,AB+EP+9M,active_burst,B,Unknown,UNKNOWN,,,Risk-on,,,none,45,"ACTIVE_BURST momentum, no committed entry in pack (no trigger/stop). Extension distance_from_21ema=20.8% (severe) — wait for a reset or pullback before considering any entry. [V5.9.20 EP9M_context]: type=EP9M_PLUS_REAL_SETUP; primary=active_burst; boost=0",Breakdown below the rising 21EMA or failure to reset the extension.,,65.08554902356043,15.741389904805857,1.6111912811034006,WATCH,True,EP9M_PLUS_REAL_SETUP,0,0,,,,,,,,,,,,,,,,,,,
2026-06-25,2026-06-26,2026-06-25,MWA,,UNKNOWN,SS,slingshot,C,Unknown,UNKNOWN,,,Risk-on,27.41,26.31,none,60,"[V5.9.31 batch-classified]: [V5.9.14 invalidation rationale]: stop sits below the slingshot structural invalidation at 26.31; a close back under it voids the contraction setup. [V5.9.17 Slingshot_vol_gate]: today_vol/prior_vol = 0.65x (FAIL vs 1.2 floor) [V5.9 R:R floor]: target=28.21 (FAIL vs 2.0 floor), R:R=0.73",Close back below the slingshot invalidation or loss of the contraction structure.,,60.90907672220517,2.8593214376246086,0.8712658670580706,WATCH,False,NONE,0,0,True,True,60.94932050533095,0.7273,1140900.0,1747300.0,,,,,,,,,,,,,
2026-06-25,2026-06-26,2026-06-25,NDSN,,UNKNOWN,SS,slingshot,C,Unknown,UNKNOWN,,,Risk-on,307.74,298.64,none,60,"[V5.9.31 batch-classified]: [V5.9.14 invalidation rationale]: stop sits below the slingshot structural invalidation at 298.64; a close back under it voids the contraction setup. [V5.9.17 Slingshot_vol_gate]: today_vol/prior_vol = 0.95x (FAIL vs 1.2 floor) [V5.9 R:R floor]: target=310.83 (FAIL vs 2.0 floor), R:R=0.34",Close back below the slingshot invalidation or loss of the contraction structure.,,65.9342428266731,2.880696267890984,0.8046681210962016,WATCH,False,NONE,0,0,True,True,44.2520480429345,0.3396,323100.0,339100.0,,,,,,,,,,,,,
2026-06-25,2026-06-26,2026-06-25,NEOG,,UNKNOWN,SS,slingshot,C,Unknown,UNKNOWN,,,Risk-on,9.62,9.13,none,60,"[V5.9.31 batch-classified]: [V5.9.14 invalidation rationale]: stop sits below the slingshot structural invalidation at 9.13; a close back under it voids the contraction setup. [V5.9.17 Slingshot_vol_gate]: today_vol/prior_vol = 1.07x (FAIL vs 1.2 floor) [V5.9 R:R floor]: target=10.11 (FAIL vs 2.0 floor), R:R=1.00",Close back below the slingshot invalidation or loss of the contraction structure.,,77.55107998801094,3.5947702912384134,0.6883003199602901,WATCH,False,NONE,0,0,True,True,62.52641439379465,1.0,1641800.0,1539700.0,,,,,,,,,,,,,
2026-06-25,2026-06-26,2026-06-25,NEWT,,UNKNOWN,SS,slingshot,C,Unknown,UNKNOWN,,,Risk-on,14.47,13.92,none,60,"[V5.9.31 batch-classified]: [V5.9.14 invalidation rationale]: stop sits below the slingshot structural invalidation at 13.92; a close back under it voids the contraction setup. [V5.9.17 Slingshot_vol_gate]: today_vol/prior_vol = 0.99x (FAIL vs 1.2 floor) [V5.9 R:R floor]: target=15.12 (FAIL vs 2.0 floor), R:R=1.18",Close back below the slingshot invalidation or loss of the contraction structure.,,92.72728218519656,2.195470411679998,1.5532654846487017,WATCH,False,NONE,0,0,True,True,64.8136620266946,1.1818,291200.0,294000.0,,,,,,,,,,,,,
2026-06-25,2026-06-26,2026-06-25,NOVT,,UNKNOWN,SS,slingshot,C,Unknown,UNKNOWN,,,Risk-on,160.99,153.95,none,60,"[V5.9.31 batch-classified]: [V5.9.14 invalidation rationale]: stop sits below the slingshot structural invalidation at 153.95; a close back under it voids the contraction setup. [V5.9.17 Slingshot_vol_gate]: today_vol/prior_vol = 1.07x (FAIL vs 1.2 floor) [V5.9 R:R floor]: target=167.78 (FAIL vs 2.0 floor), R:R=0.96",Close back below the slingshot invalidation or loss of the contraction structure.,,92.0452821355343,5.54604781301398,1.2807665296299187,WATCH,False,NONE,0,0,False,True,59.73867731793011,0.9645,623700.0,583800.0,,,,,,,,,,,,,
2026-06-25,2026-06-26,2026-06-25,NSC,,UNKNOWN,SS,slingshot,C,Unknown,UNKNOWN,,,Risk-on,312.24,306.78,none,60,"[V5.9.31 batch-classified]: [V5.9.14 invalidation rationale]: stop sits below the slingshot structural invalidation at 306.78; a close back under it voids the contraction setup. [V5.9.17 Slingshot_vol_gate]: today_vol/prior_vol = 0.99x (FAIL vs 1.2 floor) [V5.9 R:R floor]: target=320.29 (FAIL vs 2.0 floor), R:R=1.47",Close back below the slingshot invalidation or loss of the contraction structure.,,96.70342568734524,2.7121289038683254,0.8134394341290893,WATCH,False,NONE,0,0,False,True,54.776931136192644,1.4744,975200.0,984800.0,,,,,,,,,,,,,
2026-06-25,2026-06-26,2026-06-25,NTB,,UNKNOWN,SS,slingshot,C,Unknown,UNKNOWN,,,Risk-on,59.54,58.51,none,60,"[V5.9.31 batch-classified]: [V5.9.14 invalidation rationale]: stop sits below the slingshot structural invalidation at 58.51; a close back under it voids the contraction setup. [V5.9.17 Slingshot_vol_gate]: today_vol/prior_vol = 0.45x (FAIL vs 1.2 floor) [V5.9 R:R floor]: target=61.04 (FAIL vs 2.0 floor), R:R=1.46",Close back below the slingshot invalidation or loss of the contraction structure.,,100.0,1.6040997711311775,0.7389679640592853,WATCH,False,NONE,0,0,True,True,75.02233469081341,1.4612,140800.0,313600.0,,,,,,,,,,,,,
2026-06-25,2026-06-26,2026-06-25,NUE,,UNKNOWN,SS,slingshot,C,Unknown,UNKNOWN,,,Risk-on,249.65,241.39,none,60,"[V5.9.31 batch-classified]: [V5.9.14 invalidation rationale]: stop sits below the slingshot structural invalidation at 241.39; a close back under it voids the contraction setup. [V5.9.17 Slingshot_vol_gate]: today_vol/prior_vol = 0.84x (FAIL vs 1.2 floor) [V5.9 R:R floor]: target=280.18 (monitoring), R:R=3.70",Close back below the slingshot invalidation or loss of the contraction structure.,,90.7990918612964,3.4799579945566497,0.9138785436200458,WATCH,False,NONE,0,0,False,True,28.263332794783945,3.6961,1493400.0,1772600.0,,,,,,,,,,,,,
2026-06-25,2026-06-26,2026-06-25,ORN,10,TAKE,PAUSE,pause,B,Unknown,UNKNOWN,,,Risk-on,,,none,40,[WATCH_MONITORING_NO_COMMITTED_RISK_PLAN]: PAUSE family with no committed risk plan in pack (no trigger/stop). Monitor only; no entry until a structured setup forms.,"No committed setup materializes, or structure breaks down.",,38.20229053440088,0.31308822729384794,0.8940098638187995,WATCH,False,NONE,0,0,,,,,,,,,,,,,,,,,,,
2026-06-25,2026-06-26,2026-06-25,OTTR,,UNKNOWN,SS,slingshot,C,Unknown,UNKNOWN,,,Risk-on,90.18,88.52,none,60,"[V5.9.31 batch-classified]: [V5.9.14 invalidation rationale]: stop sits below the slingshot structural invalidation at 88.52; a close back under it voids the contraction setup. [V5.9.17 Slingshot_vol_gate]: today_vol/prior_vol = 0.63x (FAIL vs 1.2 floor) [V5.9 R:R floor]: target=93.57 (monitoring), R:R=2.04",Close back below the slingshot invalidation or loss of the contraction structure.,,92.16885743174925,1.3848270222469605,0.6122644216971205,WATCH,False,NONE,0,0,True,True,47.05440586388472,2.0422,166400.0,264700.0,,,,,,,,,,,,,
2026-06-25,2026-06-26,2026-06-25,PARR,,UNKNOWN,SS,slingshot,C,Unknown,UNKNOWN,,,Risk-on,54.16,50.97,none,60,"[V5.9.31 batch-classified]: [V5.9.14 invalidation rationale]: stop sits below the slingshot structural invalidation at 50.97; a close back under it voids the contraction setup. [V5.9.17 Slingshot_vol_gate]: today_vol/prior_vol = 0.67x (FAIL vs 1.2 floor) [V5.9 R:R floor]: target=57.90 (FAIL vs 2.0 floor), R:R=1.17",Close back below the slingshot invalidation or loss of the contraction structure.,,99.05959899024083,5.598913071708795,0.5911594441472214,WATCH,False,NONE,0,0,False,True,22.594981650032363,1.1724,689500.0,1026600.0,,,,,,,,,,,,,
2026-06-25,2026-06-26,2026-06-25,PCAR,,UNKNOWN,SS,slingshot,C,Unknown,UNKNOWN,,,Risk-on,123.03,117.86,none,60,"[V5.9.31 batch-classified]: [V5.9.14 invalidation rationale]: stop sits below the slingshot structural invalidation at 117.86; a close back under it voids the contraction setup. [V5.9.17 Slingshot_vol_gate]: today_vol/prior_vol = 0.77x (FAIL vs 1.2 floor) [V5.9 R:R floor]: target=126.86 (FAIL vs 2.0 floor), R:R=0.74",Close back below the slingshot invalidation or loss of the contraction structure.,,73.88783457932064,3.973341514467752,0.8720447551652378,WATCH,False,NONE,0,0,True,True,57.080171377836585,0.7408,2699500.0,3501600.0,,,,,,,,,,,,,
2026-06-25,2026-06-26,2026-06-25,PDFS,,UNKNOWN,SS,slingshot,C,Unknown,UNKNOWN,,,Risk-on,68.76,64.83,none,60,"[V5.9.31 batch-classified]: [V5.9.14 invalidation rationale]: stop sits below the slingshot structural invalidation at 64.83; a close back under it voids the contraction setup. [V5.9.17 Slingshot_vol_gate]: today_vol/prior_vol = 1.01x (FAIL vs 1.2 floor) [V5.9 R:R floor]: target=76.56 (FAIL vs 2.0 floor), R:R=1.98",Close back below the slingshot invalidation or loss of the contraction structure.,,97.70982289322926,8.03964236193614,1.0928047147590332,WATCH,False,NONE,0,0,True,True,53.83994606066411,1.9847,894500.0,884000.0,,,,,,,,,,,,,
2026-06-25,2026-06-26,2026-06-25,PDM,,UNKNOWN,SS,slingshot,C,Unknown,UNKNOWN,,,Risk-on,9.25,8.83,none,60,"[V5.9.31 batch-classified]: [V5.9.14 invalidation rationale]: stop sits below the slingshot structural invalidation at 8.83; a close back under it voids the contraction setup. [V5.9.17 Slingshot_vol_gate]: today_vol/prior_vol = 0.58x (FAIL vs 1.2 floor) [V5.9 R:R floor]: target=9.86 (FAIL vs 2.0 floor), R:R=1.45",Close back below the slingshot invalidation or loss of the contraction structure.,,97.61899355588757,4.28894050977231,0.9936385227033208,WATCH,False,NONE,0,0,True,True,51.275912882769624,1.4524,1197400.0,2047500.0,,,,,,,,,,,,,
2026-06-25,2026-06-26,2026-06-25,PLOW,5,TAKE,AB,active_burst,B,Unknown,UNKNOWN,,,Risk-on,,,none,45,"ACTIVE_BURST momentum, no committed entry in pack (no trigger/stop). Extension distance_from_21ema=12.3% (moderate) — monitor for a committed setup.",Breakdown below the rising 21EMA or failure to reset the extension.,,100.0,6.420193707152425,2.22966058331912,WATCH,False,NONE,0,0,,,,,,,,,,,,,,,,,,,
2026-06-25,2026-06-26,2026-06-25,PLSE,,UNKNOWN,SS,slingshot,C,Unknown,UNKNOWN,,,Risk-on,27.57,25.59,none,60,"[V5.9.31 batch-classified]: [V5.9.14 invalidation rationale]: stop sits below the slingshot structural invalidation at 25.59; a close back under it voids the contraction setup. [V5.9.17 Slingshot_vol_gate]: today_vol/prior_vol = 0.93x (FAIL vs 1.2 floor) [V5.9 R:R floor]: target=29.39 (FAIL vs 2.0 floor), R:R=0.92",Close back below the slingshot invalidation or loss of the contraction structure.,,96.96195636952918,7.441401370742897,0.8496914441653487,WATCH,False,NONE,0,0,True,True,59.98632646160986,0.9215,274000.0,294600.0,,,,,,,,,,,,,
2026-06-25,2026-06-26,2026-06-25,PSX,,UNKNOWN,SS,slingshot,C,Unknown,UNKNOWN,,,Risk-on,173.03,166.87,none,60,"[V5.9.31 batch-classified]: [V5.9.14 invalidation rationale]: stop sits below the slingshot structural invalidation at 166.87; a close back under it voids the contraction setup. [V5.9.17 Slingshot_vol_gate]: today_vol/prior_vol = 0.83x (FAIL vs 1.2 floor) [V5.9 R:R floor]: target=179.78 (FAIL vs 2.0 floor), R:R=1.10",Close back below the slingshot invalidation or loss of the contraction structure.,,79.38305978172018,1.8500919879504063,1.0904961814420198,WATCH,False,NONE,0,0,False,True,22.458526149366808,1.0958,2784100.0,3363900.0,,,,,,,,,,,,,
2026-06-25,2026-06-26,2026-06-25,RAMP,13,TAKE,ANT,anticipation,B,Unknown,UNKNOWN,,,Risk-on,,,none,40,[WATCH_MONITORING_NO_COMMITTED_RISK_PLAN]: ANTICIPATION family with no committed risk plan in pack (no trigger/stop). Monitor only; no entry until a structured setup forms.,"No committed setup materializes, or structure breaks down.",,64.70548636822619,-0.05340576063075636,0.5739419276979064,WATCH,False,NONE,0,0,,,,,,,,,,,,,,,,,,,
2026-06-25,2026-06-26,2026-06-25,RLJ,,UNKNOWN,SS,slingshot,C,Unknown,UNKNOWN,,,Risk-on,11.57,11.31,none,60,"[V5.9.31 batch-classified]: [V5.9.14 invalidation rationale]: stop sits below the slingshot structural invalidation at 11.31; a close back under it voids the contraction setup. [V5.9.17 Slingshot_vol_gate]: today_vol/prior_vol = 0.98x (FAIL vs 1.2 floor) [V5.9 R:R floor]: target=12.13 (monitoring), R:R=2.15",Close back below the slingshot invalidation or loss of the contraction structure.,,84.6153564000895,1.8551240619113252,0.6185230384934062,WATCH,False,NONE,0,0,True,True,42.07970137026875,2.1539,1515400.0,1547500.0,,,,,,,,,,,,,
2026-06-25,2026-06-26,2026-06-25,RPM,,UNKNOWN,SS,slingshot,C,Unknown,UNKNOWN,,,Risk-on,113.17,109.86,none,60,"[V5.9.31 batch-classified]: [V5.9.14 invalidation rationale]: stop sits below the slingshot structural invalidation at 109.86; a close back under it voids the contraction setup. [V5.9.17 Slingshot_vol_gate]: today_vol/prior_vol = 0.82x (FAIL vs 1.2 floor) [V5.9 R:R floor]: target=116.02 (FAIL vs 2.0 floor), R:R=0.86",Close back below the slingshot invalidation or loss of the contraction structure.,,55.5890542309749,1.8231541072363244,0.8724139759802906,WATCH,False,NONE,0,0,True,True,56.79044482266335,0.861,723800.0,882400.0,,,,,,,,,,,,,
2026-06-25,2026-06-26,2026-06-25,RXO,,UNKNOWN,SS,slingshot,C,Unknown,UNKNOWN,,,Risk-on,27.26,25.44,none,60,"[V5.9.31 batch-classified]: [V5.9.14 invalidation rationale]: stop sits below the slingshot structural invalidation at 25.44; a close back under it voids the contraction setup. [V5.9.17 Slingshot_vol_gate]: today_vol/prior_vol = 0.86x (FAIL vs 1.2 floor) [V5.9 R:R floor]: target=30.15 (FAIL vs 2.0 floor), R:R=1.59",Close back below the slingshot invalidation or loss of the contraction structure.,,80.16526146431788,6.324112370430336,0.5975345968591439,WATCH,False,NONE,0,0,False,True,40.043614552193986,1.5923,1486200.0,1732800.0,,,,,,,,,,,,,
2026-06-25,2026-06-26,2026-06-25,SCHL,,UNKNOWN,SS,slingshot,C,Unknown,UNKNOWN,,,Risk-on,43.94,42.44,none,60,"[V5.9.31 batch-classified]: [V5.9.14 invalidation rationale]: stop sits below the slingshot structural invalidation at 42.44; a close back under it voids the contraction setup. [V5.9.17 Slingshot_vol_gate]: today_vol/prior_vol = 1.15x (FAIL vs 1.2 floor) [V5.9 R:R floor]: target=45.54 (FAIL vs 2.0 floor), R:R=1.07",Close back below the slingshot invalidation or loss of the contraction structure.,,99.3334452311198,2.424809816570782,0.7462082653639256,WATCH,False,NONE,0,0,False,True,54.93685915318871,1.0667,350400.0,305300.0,,,,,,,,,,,,,
2026-06-25,2026-06-26,2026-06-25,SCSC,,UNKNOWN,SS,slingshot,C,Unknown,UNKNOWN,,,Risk-on,50.80,49.75,none,60,"[V5.9.31 batch-classified]: [V5.9.14 invalidation rationale]: stop sits below the slingshot structural invalidation at 49.75; a close back under it voids the contraction setup. [V5.9.17 Slingshot_vol_gate]: today_vol/prior_vol = 1.01x (FAIL vs 1.2 floor) [V5.9 R:R floor]: target=52.10 (FAIL vs 2.0 floor), R:R=1.24",Close back below the slingshot invalidation or loss of the contraction structure.,,74.28565200489734,1.6495669079188389,0.7495458560405313,WATCH,False,NONE,0,0,True,True,67.71117645999031,1.2381,179900.0,177500.0,,,,,,,,,,,,,
2026-06-25,2026-06-26,2026-06-25,SEZL,,UNKNOWN,SS,slingshot,C,Unknown,UNKNOWN,,,Risk-on,165.90,156.00,none,60,"[V5.9.31 batch-classified]: [V5.9.14 invalidation rationale]: stop sits below the slingshot structural invalidation at 156.00; a close back under it voids the contraction setup. [V5.9.17 Slingshot_vol_gate]: today_vol/prior_vol = 0.90x (FAIL vs 1.2 floor) [V5.9 R:R floor]: target=183.23 (FAIL vs 2.0 floor), R:R=1.75",Close back below the slingshot invalidation or loss of the contraction structure.,,78.18192186878666,2.806555597911806,0.7018267112090412,WATCH,False,NONE,0,0,True,True,19.725833992112662,1.7505,493700.0,546300.0,,,,,,,,,,,,,
2026-06-25,2026-06-26,2026-06-25,SILA,11,TAKE,SS+PAUSE,slingshot,C,Unknown,UNKNOWN,,,Risk-on,30.35,30.33,none,60,"[V5.9.31 batch-classified]: [V5.9.14 invalidation rationale]: stop sits below the slingshot structural invalidation at 30.33; a close back under it voids the contraction setup. [V5.9.17 Slingshot_vol_gate]: today_vol/prior_vol = 0.71x (FAIL vs 1.2 floor) [V5.9 R:R floor]: target=30.43 (monitoring), R:R=4.00 [V5.9.44 SLINGSHOT_DEGENERATE_RISK]: risk_per_share=$0.02 (risk_pct=0.0659%); micro-stop makes R:R noise not edge; capped at B regardless of R:R.",Close back below the slingshot invalidation or loss of the contraction structure.,,100.0,0.06594282167485083,1.1563084566037818,WATCH,False,NONE,0,0,True,True,55.29781002052563,3.9999,1059500.0,1495500.0,,,,,,,,,,,,,
2026-06-25,2026-06-26,2026-06-25,SN,,UNKNOWN,SS,slingshot,C,Unknown,UNKNOWN,,,Risk-on,145.88,140.55,none,60,"[V5.9.31 batch-classified]: [V5.9.14 invalidation rationale]: stop sits below the slingshot structural invalidation at 140.55; a close back under it voids the contraction setup. [V5.9.17 Slingshot_vol_gate]: today_vol/prior_vol = 1.19x (FAIL vs 1.2 floor) [V5.9 R:R floor]: target=150.76 (FAIL vs 2.0 floor), R:R=0.91",Close back below the slingshot invalidation or loss of the contraction structure.,,43.11165390093641,1.897427502521907,0.754141288298265,WATCH,False,NONE,0,0,True,True,54.508395874772454,0.9136,1569000.0,1323500.0,,,,,,,,,,,,,
2026-06-25,2026-06-26,2026-06-25,SNA,,UNKNOWN,SS,slingshot,C,Unknown,UNKNOWN,,,Risk-on,403.35,393.19,none,60,"[V5.9.31 batch-classified]: [V5.9.14 invalidation rationale]: stop sits below the slingshot structural invalidation at 393.19; a close back under it voids the contraction setup. [V5.9.17 Slingshot_vol_gate]: today_vol/prior_vol = 0.86x (FAIL vs 1.2 floor) [V5.9 R:R floor]: target=411.06 (FAIL vs 2.0 floor), R:R=0.76",Close back below the slingshot invalidation or loss of the contraction structure.,,76.3780213442748,2.246645899294953,0.8835045857094053,WATCH,False,NONE,0,0,True,True,62.00349295614238,0.7589,336200.0,392200.0,,,,,,,,,,,,,
2026-06-25,2026-06-26,2026-06-25,SNOW,17,WATCH,DEP,delayed_ep,B,Unknown,UNKNOWN,,,Risk-on,,,none,45,"DELAYED_EP, no committed entry in pack (no trigger/stop/target). Alert above the pivot; no risk plan yet.",No delayed-EP follow-through above the pivot.,,65.79672690535776,0.4912594048876343,0.6261854886589745,WATCH,False,NONE,0,0,,,,,,,,,,,,,,,,,,,
2026-06-25,2026-06-26,2026-06-25,SPHR,,UNKNOWN,SS,slingshot,C,Unknown,UNKNOWN,,,Risk-on,161.42,155.36,none,60,"[V5.9.31 batch-classified]: [V5.9.14 invalidation rationale]: stop sits below the slingshot structural invalidation at 155.36; a close back under it voids the contraction setup. [V5.9.17 Slingshot_vol_gate]: today_vol/prior_vol = 0.99x (FAIL vs 1.2 floor) [V5.9 R:R floor]: target=175.82 (monitoring), R:R=2.38",Close back below the slingshot invalidation or loss of the contraction structure.,,98.84501495664085,4.016252696257229,0.812961486164738,WATCH,False,NONE,0,0,True,True,48.54403633349633,2.3762,566800.0,572800.0,,,,,,,,,,,,,
2026-06-25,2026-06-26,2026-06-25,STAA,,UNKNOWN,SS,slingshot,C,Unknown,UNKNOWN,,,Risk-on,31.30,28.90,none,60,"[V5.9.31 batch-classified]: [V5.9.14 invalidation rationale]: stop sits below the slingshot structural invalidation at 28.90; a close back under it voids the contraction setup. [V5.9.17 Slingshot_vol_gate]: today_vol/prior_vol = 1.19x (FAIL vs 1.2 floor) [V5.9 R:R floor]: target=31.36 (FAIL vs 2.0 floor), R:R=0.03",Close back below the slingshot invalidation or loss of the contraction structure.,,96.24999304612368,7.918392123573503,0.7399516029778512,WATCH,False,NONE,0,0,True,True,66.43758117053116,0.025,639700.0,535400.0,,,,,,,,,,,,,
2026-06-25,2026-06-26,2026-06-25,SXI,6,TAKE,AB,active_burst,B,Unknown,UNKNOWN,,,Risk-on,,,none,45,"ACTIVE_BURST momentum, no committed entry in pack (no trigger/stop). Extension distance_from_21ema=12.3% (none) — monitor for a committed setup.",Breakdown below the rising 21EMA or failure to reset the extension.,,94.4444622161372,6.386867148389421,1.7015909772259725,WATCH,False,NONE,0,0,,,,,,,,,,,,,,,,,,,
2026-06-25,2026-06-26,2026-06-25,SYF,,UNKNOWN,SS,slingshot,B,Unknown,UNKNOWN,,,Risk-on,79.69,76.83,none,60,"[V5.9.31 batch-classified]: [V5.9.14 invalidation rationale]: stop sits below the slingshot structural invalidation at 76.83; a close back under it voids the contraction setup. [V5.9.17 Slingshot_vol_gate]: today_vol/prior_vol = 1.44x (PASS vs 1.2 floor) [V5.9 R:R floor]: target=80.65 (FAIL vs 2.0 floor), R:R=0.34",Close back below the slingshot invalidation or loss of the contraction structure.,,58.987646496467576,2.882595593604784,0.9383589792306437,WATCH,False,NONE,0,0,True,True,28.262853859771596,0.3351,3635000.0,2520400.0,,,,,,,,,,,,,
2026-06-25,2026-06-26,2026-06-25,TATT,16,WATCH,DEP,delayed_ep,B,Unknown,UNKNOWN,,,Risk-on,,,none,45,"DELAYED_EP, no committed entry in pack (no trigger/stop/target). Alert above the pivot; no risk plan yet.",No delayed-EP follow-through above the pivot.,,24.92399594645048,3.0794488255772308,1.3328311779782052,WATCH,False,NONE,0,0,,,,,,,,,,,,,,,,,,,
2026-06-25,2026-06-26,2026-06-25,TEX,9,TAKE,AB,active_burst,B,Unknown,UNKNOWN,,,Risk-on,,,none,45,"ACTIVE_BURST momentum, no committed entry in pack (no trigger/stop). Extension distance_from_21ema=14.6% (moderate) — monitor for a committed setup.",Breakdown below the rising 21EMA or failure to reset the extension.,,96.67672392929337,6.390875113338957,1.424048098760054,WATCH,False,NONE,0,0,,,,,,,,,,,,,,,,,,,
2026-06-25,2026-06-26,2026-06-25,TKR,,UNKNOWN,SS,slingshot,C,Unknown,UNKNOWN,,,Risk-on,145.61,141.00,none,60,"[V5.9.31 batch-classified]: [V5.9.14 invalidation rationale]: stop sits below the slingshot structural invalidation at 141.00; a close back under it voids the contraction setup. [V5.9.17 Slingshot_vol_gate]: today_vol/prior_vol = 0.85x (FAIL vs 1.2 floor) [V5.9 R:R floor]: target=154.50 (FAIL vs 2.0 floor), R:R=1.93",Close back below the slingshot invalidation or loss of the contraction structure.,,65.29271384643901,4.36262683819525,0.7525684488504503,WATCH,False,NONE,0,0,True,True,53.25138415894891,1.9284,785400.0,926900.0,,,,,,,,,,,,,
2026-06-25,2026-06-26,2026-06-25,TNC,,UNKNOWN,SS,slingshot,C,Unknown,UNKNOWN,,,Risk-on,91.93,89.35,none,60,"[V5.9.31 batch-classified]: [V5.9.14 invalidation rationale]: stop sits below the slingshot structural invalidation at 89.35; a close back under it voids the contraction setup. [V5.9.17 Slingshot_vol_gate]: today_vol/prior_vol = 1.04x (FAIL vs 1.2 floor) [V5.9 R:R floor]: target=97.43 (monitoring), R:R=2.13",Close back below the slingshot invalidation or loss of the contraction structure.,,65.89160353199317,2.5684425987521897,0.5203234344972624,WATCH,False,NONE,0,0,True,True,52.08370144178915,2.1318,114800.0,110400.0,,,,,,,,,,,,,
2026-06-25,2026-06-26,2026-06-25,TRN,,UNKNOWN,SS,slingshot,C,Unknown,UNKNOWN,,,Risk-on,36.58,35.61,none,60,"[V5.9.31 batch-classified]: [V5.9.14 invalidation rationale]: stop sits below the slingshot structural invalidation at 35.61; a close back under it voids the contraction setup. [V5.9.17 Slingshot_vol_gate]: today_vol/prior_vol = 1.05x (FAIL vs 1.2 floor) [V5.9 R:R floor]: target=37.51 (FAIL vs 2.0 floor), R:R=0.96",Close back below the slingshot invalidation or loss of the contraction structure.,,79.38139059304703,3.0011364169019172,0.7820138217695664,WATCH,False,NONE,0,0,True,True,46.51817137708251,0.9588,559900.0,532800.0,,,,,,,,,,,,,
2026-06-25,2026-06-26,2026-06-25,TXG,,UNKNOWN,SS,slingshot,C,Unknown,UNKNOWN,,,Risk-on,36.88,34.49,none,60,"[V5.9.31 batch-classified]: [V5.9.14 invalidation rationale]: stop sits below the slingshot structural invalidation at 34.49; a close back under it voids the contraction setup. [V5.9.17 Slingshot_vol_gate]: today_vol/prior_vol = 1.11x (FAIL vs 1.2 floor) [V5.9 R:R floor]: target=41.91 (monitoring), R:R=2.11",Close back below the slingshot invalidation or loss of the contraction structure.,,51.78194986036781,3.2658991848234136,0.9720921644399309,WATCH,False,NONE,0,0,True,True,42.37074703906223,2.1078,2948200.0,2653300.0,,,,,,,,,,,,,
2026-06-25,2026-06-26,2026-06-25,ULS,,UNKNOWN,SS,slingshot,B,Unknown,UNKNOWN,,,Risk-on,96.33,92.32,none,60,"Closest promotion-floor candidate: volume gate PASS and numeric R:R>=2.0 on a defensible measured-move target, but the slingshot structure gate fails (range-break/contraction-quality), so the row holds as B/WATCH (STRUCTURE_GATE_FAIL). [V5.9.14 invalidation rationale]: stop sits below the slingshot structural invalidation at 92.32; a close back under it voids the contraction setup. [V5.9.17 Slingshot_vol_gate]: today_vol/prior_vol = 1.50x (PASS vs 1.2 floor) [V5.9 R:R floor]: target=105.30 (monitoring), R:R=2.23",Close back below the slingshot invalidation or loss of the contraction structure.,,87.42223337019766,3.465773039605222,2.0939973316749323,WATCH,False,NONE,0,0,False,True,36.17956911016969,2.2329,1575800.0,1049700.0,,,,,,,,,,,,,
2026-06-25,2026-06-26,2026-06-25,UNH,,UNKNOWN,SS,slingshot,C,Unknown,UNKNOWN,,,Risk-on,417.58,406.65,none,60,"[V5.9.31 batch-classified]: [V5.9.14 invalidation rationale]: stop sits below the slingshot structural invalidation at 406.65; a close back under it voids the contraction setup. [V5.9.17 Slingshot_vol_gate]: today_vol/prior_vol = 0.88x (FAIL vs 1.2 floor) [V5.9 R:R floor]: target=428.27 (FAIL vs 2.0 floor), R:R=0.98",Close back below the slingshot invalidation or loss of the contraction structure.,,81.24438090877109,2.3977356527896663,0.7964010469315704,WATCH,False,NONE,0,0,True,True,68.41805456096071,0.978,6014400.0,6858800.0,,,,,,,,,,,,,
2026-06-25,2026-06-26,2026-06-25,UNP,,UNKNOWN,SS,slingshot,C,Unknown,UNKNOWN,,,Risk-on,267.98,262.01,none,60,"[V5.9.31 batch-classified]: [V5.9.14 invalidation rationale]: stop sits below the slingshot structural invalidation at 262.01; a close back under it voids the contraction setup. [V5.9.17 Slingshot_vol_gate]: today_vol/prior_vol = 0.95x (FAIL vs 1.2 floor) [V5.9 R:R floor]: target=277.48 (FAIL vs 2.0 floor), R:R=1.59",Close back below the slingshot invalidation or loss of the contraction structure.,,95.81239616613419,2.9889289839404705,1.0200907759940883,WATCH,False,NONE,0,0,False,True,52.736705362936085,1.5913,3089400.0,3236900.0,,,,,,,,,,,,,
2026-06-25,2026-06-26,2026-06-25,UPS,,UNKNOWN,SS,slingshot,C,Unknown,UNKNOWN,,,Risk-on,109.40,106.21,none,60,"[V5.9.31 batch-classified]: [V5.9.14 invalidation rationale]: stop sits below the slingshot structural invalidation at 106.21; a close back under it voids the contraction setup. [V5.9.17 Slingshot_vol_gate]: today_vol/prior_vol = 1.16x (FAIL vs 1.2 floor) [V5.9 R:R floor]: target=117.17 (monitoring), R:R=2.44",Close back below the slingshot invalidation or loss of the contraction structure.,,97.17856117860902,2.9866197354194393,0.9842816004373157,WATCH,False,NONE,0,0,False,True,55.24066765784907,2.4357,5819500.0,4999900.0,,,,,,,,,,,,,
2026-06-25,2026-06-26,2026-06-25,VLO,,UNKNOWN,SS,slingshot,C,Unknown,UNKNOWN,,,Risk-on,255.74,240.02,none,60,"[V5.9.31 batch-classified]: [V5.9.14 invalidation rationale]: stop sits below the slingshot structural invalidation at 240.02; a close back under it voids the contraction setup. [V5.9.17 Slingshot_vol_gate]: today_vol/prior_vol = 0.98x (FAIL vs 1.2 floor) [V5.9 R:R floor]: target=258.82 (FAIL vs 2.0 floor), R:R=0.20",Close back below the slingshot invalidation or loss of the contraction structure.,,95.67425011599397,5.209753439915126,1.1194708159724738,WATCH,False,NONE,0,0,False,True,37.61265949544569,0.1959,3399300.0,3472000.0,,,,,,,,,,,,,
2026-06-25,2026-06-26,2026-06-25,WAB,,UNKNOWN,SS,slingshot,C,Unknown,UNKNOWN,,,Risk-on,284.91,275.00,none,60,"[V5.9.31 batch-classified]: [V5.9.14 invalidation rationale]: stop sits below the slingshot structural invalidation at 275.00; a close back under it voids the contraction setup. [V5.9.17 Slingshot_vol_gate]: today_vol/prior_vol = 1.12x (FAIL vs 1.2 floor) [V5.9 R:R floor]: target=290.66 (FAIL vs 2.0 floor), R:R=0.58",Close back below the slingshot invalidation or loss of the contraction structure.,,75.17668470210728,3.6589844460933234,0.9531953902011004,WATCH,False,NONE,0,0,True,True,38.25814833007458,0.5802,898400.0,802500.0,,,,,,,,,,,,,
2026-06-25,2026-06-26,2026-06-25,WAVE,18,WATCH,AB+EP,active_burst,B,Unknown,UNKNOWN,,,Risk-on,,,none,45,"ACTIVE_BURST momentum, no committed entry in pack (no trigger/stop). Extension distance_from_21ema=16.9% (none) — monitor for a committed setup. [V5.9 DTE_note]: dte_status=DTE_UNKNOWN (earnings date unavailable); secondary flag only.",Breakdown below the rising 21EMA or failure to reset the extension.,,64.55224995943325,9.977822315470373,79.15426979806293,WATCH,False,NONE,0,0,,,,,,,,,,,,,,,,,,,
2026-06-25,2026-06-26,2026-06-25,WDC,15,WATCH,AB+EP+9M,active_burst,B,Unknown,UNKNOWN,,,Risk-on,,,none,45,"ACTIVE_BURST momentum, no committed entry in pack (no trigger/stop). Extension distance_from_21ema=11.2% (none) — monitor for a committed setup. [V5.9.20 EP9M_context]: type=EP9M_PLUS_REAL_SETUP; primary=active_burst; boost=0",Breakdown below the rising 21EMA or failure to reset the extension.,,23.95746758643617,4.901914592495566,1.447448941651166,WATCH,True,EP9M_PLUS_REAL_SETUP,0,0,,,,,,,,,,,,,,,,,,,
2026-06-25,2026-06-26,2026-06-25,WERN,,UNKNOWN,SS,slingshot,C,Unknown,UNKNOWN,,,Risk-on,42.46,41.25,none,60,"[V5.9.31 batch-classified]: [V5.9.14 invalidation rationale]: stop sits below the slingshot structural invalidation at 41.25; a close back under it voids the contraction setup. [V5.9.17 Slingshot_vol_gate]: today_vol/prior_vol = 1.18x (FAIL vs 1.2 floor) [V5.9 R:R floor]: target=44.56 (FAIL vs 2.0 floor), R:R=1.74",Close back below the slingshot invalidation or loss of the contraction structure.,,78.51251915231688,2.951937143023595,1.00171441201983,WATCH,False,NONE,0,0,False,True,39.5377208959777,1.7355,1078600.0,915300.0,,,,,,,,,,,,,
2026-06-25,2026-06-26,2026-06-25,XPEL,,UNKNOWN,SS,slingshot,B,Unknown,UNKNOWN,,,Risk-on,47.90,45.51,none,60,"[V5.9.31 batch-classified]: [V5.9.14 invalidation rationale]: stop sits below the slingshot structural invalidation at 45.51; a close back under it voids the contraction setup. [V5.9.17 Slingshot_vol_gate]: today_vol/prior_vol = 1.38x (PASS vs 1.2 floor) [V5.9 R:R floor]: target=49.44 (FAIL vs 2.0 floor), R:R=0.65",Close back below the slingshot invalidation or loss of the contraction structure.,,100.0,4.493894778433413,1.5459152511596428,WATCH,False,NONE,0,0,True,True,75.6036802661615,0.6457,374600.0,271900.0,,,,,,,,,,,,,
