run_date,review_date,signal_date,ticker,setup_family,primary_setup,action_label,planned_size,council_verdict,council_confidence,council_size_recommendation,user_final_decision,user_final_size,user_council_disagreement,actionability_council_disagreement,agreement_type,rationale_diverged_on,council_primary_reason,outcome_status,outcome_class,council_outcome_alignment,resolution_notes,resolved_at_run_date,used_r_multiple,realized_r_multiple_5d,realized_r_multiple_20d,classification_method
2026-05-19,2026-05-19,2026-05-18,PGNY,DELAYED_EP,delayed_ep,A2,full,DEFER,medium,half,UNKNOWN,UNKNOWN,UNKNOWN,True,ACTIONABILITY_DISAGREED_WITH_COUNCIL,Actionability graded A2 with R:R 3.50R PASS and gates nominally clean; council defers because the day1_vol_ratio 1.21x vs DEP vol_gate 1.89x discrepancy leaves the qualifying gate unverified,"Only candidate with a passing static R:R (3.50R) but deferred pending reconciliation of the day1_vol_ratio 1.21x vs DEP vol_gate 1.89x discrepancy that leaves the qualifying gate unverified; converts to half-size on-trigger entry if reconciled, CANCEL if the gate did not pass",RESOLVED,AMBIGUOUS,NEUTRAL,,2026-06-24,True,0.8818584750510816,2.2487401205871906,R_MULTIPLE_CLOSE_BASED
2026-05-19,2026-05-19,2026-05-18,DBX,ACTIVE_BURST,mb,B,none,CANCEL,high,none,UNKNOWN,UNKNOWN,UNKNOWN,False,PENDING_USER_RESOLUTION,,B+ C1 R:R 1.56R fails the 2.0 floor against a 52w-high-capped target; same ticker/blocker/catalyst unanimously cancelled by this council on 2026-05-09 with the prior CANCEL omitted from today's packet,RESOLVED,NEVER_TRIGGERED,ALIGNED,,2026-06-24,False,,,R_MULTIPLE_CLOSE_BASED
2026-05-19,2026-05-19,2026-05-18,SEZL,DELAYED_EP,delayed_ep,B,none,CANCEL,high,none,UNKNOWN,UNKNOWN,UNKNOWN,False,PENDING_USER_RESOLUTION,,"B+ C1 R:R 1.01R fails at the canonical measured-move target; the only passing-R:R paths inflate the target to 145 or lower the entry off the 106.50 pivot, on a reclaim printed on 0.71x below-average volume",RESOLVED,AMBIGUOUS,ALIGNED,,2026-06-24,True,0.6291198436840029,3.484355175910212,R_MULTIPLE_CLOSE_BASED
2026-05-20,2026-05-20,2026-05-19,LOCO,DELAYED_EP,delayed_ep,B,none,DEFER,medium,,UNKNOWN,UNKNOWN,UNKNOWN,False,PENDING_USER_RESOLUTION,,B+ C1; real A-grade beat-and-raise but static R:R 0.63 fails the 2.0 floor; rescue path is a Day-2 pullback with a ~2.4pct stop and a target capping reward near 4pct,RESOLVED,AMBIGUOUS,NEUTRAL,OUTCOME_JOIN_FALLBACK_DIRECT_PRICE_EVAL: status=EVALUATED_FULL; available_future_bars=23,2026-06-24,True,-0.21447983191050982,2.969718449926099,R_MULTIPLE_CLOSE_BASED
2026-05-20,2026-05-20,2026-05-19,SEZL,DELAYED_EP,delayed_ep,B,none,CANCEL,high,,UNKNOWN,UNKNOWN,UNKNOWN,False,PENDING_USER_RESOLUTION,,"Same name the 2026-05-19 council CANCELLED, now degraded to unresearched with DTE UNKNOWN; static R:R 1.30 fails the 2.0 floor; prior CANCEL stands",RESOLVED,LOSER,ALIGNED,OUTCOME_JOIN_FALLBACK_DIRECT_PRICE_EVAL: status=EVALUATED_FULL; available_future_bars=23,2026-06-24,True,1.141138093449168,4.90971773810339,R_MULTIPLE_CLOSE_BASED
2026-05-20,2026-05-20,2026-05-19,CLSK,SLINGSHOT,slingshot,B,none,CANCEL,high,,UNKNOWN,UNKNOWN,UNKNOWN,False,PENDING_USER_RESOLUTION,,"quality_gate_status FAIL plus speculative_flag TRUE is a structural quality rejection; catalyst UNKNOWN, DTE UNKNOWN, R:R 0.92 fails 2.0",RESOLVED,WINNER,MISALIGNED,OUTCOME_JOIN_FALLBACK_DIRECT_PRICE_EVAL: status=EVALUATED_FULL; available_future_bars=23,2026-06-24,True,2.0008363068747714,1.2482831128895808,R_MULTIPLE_CLOSE_BASED
2026-05-20,2026-05-20,2026-05-19,IFS,SLINGSHOT,slingshot,B,none,DEFER,medium,,UNKNOWN,UNKNOWN,UNKNOWN,False,PENDING_USER_RESOLUTION,,"Catalyst UNKNOWN, DTE UNKNOWN caps at watch-only, R:R 0.64 fails 2.0; lowest-priority defer pending full research and better Day-2 geometry",RESOLVED,WINNER,MISALIGNED,OUTCOME_JOIN_FALLBACK_DIRECT_PRICE_EVAL: status=EVALUATED_FULL; available_future_bars=23,2026-06-24,True,1.7834810906358778,5.818935984011297,R_MULTIPLE_CLOSE_BASED
2026-05-20,2026-05-20,2026-05-19,CGCT,SLINGSHOT,slingshot,B,none,CANCEL,high,,UNKNOWN,UNKNOWN,UNKNOWN,False,PENDING_USER_RESOLUTION,,"Degenerate geometry - target one cent above trigger, R:R 0.20 - on an 8.75x-volume blowoff spike; not honestly tradeable",PENDING,PENDING,PENDING,OUTCOME_JOIN_FALLBACK_DIRECT_PRICE_EVAL: status=NO_PRICE_DATA; available_future_bars=23; OUTCOME_PENDING_NO_PRICE_DATA,2026-06-24,False,,,NOT_CLASSIFIED_PENDING
2026-05-20,2026-05-20,2026-05-19,LLY,SLINGSHOT,slingshot,B,none,DEFER,medium,,UNKNOWN,UNKNOWN,UNKNOWN,False,PENDING_USER_RESOLUTION,,Unresearched row with DTE UNKNOWN caps at watch-only - a fixable data gap; best C1 geometry at R:R 1.42 but still fails 2.0; research and re-qualify,RESOLVED,WINNER,MISALIGNED,OUTCOME_JOIN_FALLBACK_DIRECT_PRICE_EVAL: status=EVALUATED_FULL; available_future_bars=23,2026-06-24,True,1.6549829738499062,2.437404966285657,R_MULTIPLE_CLOSE_BASED
2026-05-20,2026-05-20,2026-05-19,KGS,PAUSE,pause,B,none,DEFER,medium,,UNKNOWN,UNKNOWN,UNKNOWN,False,PENDING_USER_RESOLUTION,,"Best row - researched B-grade, quality PASS, DTE 81 - but planned_target is back-solved so the 2.0R PASS is unverified and Day-1 showed no demand; Day-2 alert pending a structural target and confirmed break",RESOLVED,LOSER,ALIGNED,OUTCOME_JOIN_FALLBACK_DIRECT_PRICE_EVAL: status=EVALUATED_FULL; available_future_bars=23,2026-06-24,True,-1.1131712044037225,-1.925372599016784,R_MULTIPLE_CLOSE_BASED
2026-05-20,2026-05-20,2026-05-19,EFC,PAUSE,pause,B,none,DEFER,medium,,UNKNOWN,UNKNOWN,UNKNOWN,False,PENDING_USER_RESOLUTION,,"Researched B-grade but the 2.0pct stop is too tight for normal noise, Day-1 volume 0.48x shows no participation, close below trigger, target back-solved",RESOLVED,AMBIGUOUS,NEUTRAL,OUTCOME_JOIN_FALLBACK_DIRECT_PRICE_EVAL: status=EVALUATED_FULL; available_future_bars=23,2026-06-24,True,0.9397958684030266,0.263141695941095,R_MULTIPLE_CLOSE_BASED
2026-05-20,2026-05-20,2026-05-19,KEX,PAUSE,pause,B,none,DEFER,low,,UNKNOWN,UNKNOWN,UNKNOWN,False,PENDING_USER_RESOLUTION,,"C-grade mixed-earnings catalyst, row's own note says low conviction, target back-solved; lowest-priority defer",RESOLVED,AMBIGUOUS,NEUTRAL,OUTCOME_JOIN_FALLBACK_DIRECT_PRICE_EVAL: status=EVALUATED_FULL; available_future_bars=23,2026-06-24,True,-0.38988256974271895,-0.7584350026537748,R_MULTIPLE_CLOSE_BASED
2026-05-20,2026-05-20,2026-05-19,CDNA,PAUSE,pause,B,none,DEFER,medium,,UNKNOWN,UNKNOWN,UNKNOWN,False,PENDING_USER_RESOLUTION,,Catalyst UNKNOWN and unresearched with DTE UNKNOWN caps at watch-only - a fixable data gap; quality PASS but target back-solved and an 11pct stop; research and re-qualify,RESOLVED,AMBIGUOUS,NEUTRAL,OUTCOME_JOIN_FALLBACK_DIRECT_PRICE_EVAL: status=EVALUATED_FULL; available_future_bars=23,2026-06-24,True,0.7163497361130818,1.296461343417202,R_MULTIPLE_CLOSE_BASED
2026-05-20,2026-05-20,2026-05-19,ARM,DELAYED_EP,delayed_ep,B,none,DEFER,medium,,UNKNOWN,UNKNOWN,UNKNOWN,False,PENDING_USER_RESOLUTION,,B-grade beat but Q1 FY27 guide is a sequential decline that undercuts the catalyst; target back-solved; 9.7pct stop,RESOLVED,WINNER,MISALIGNED,OUTCOME_JOIN_FALLBACK_DIRECT_PRICE_EVAL: status=EVALUATED_FULL; available_future_bars=23,2026-06-24,True,3.6561282886802755,8.994646205007552,R_MULTIPLE_CLOSE_BASED
2026-05-20,2026-05-20,2026-05-19,TTMI,DELAYED_EP,delayed_ep,B,none,DEFER,medium,,UNKNOWN,UNKNOWN,UNKNOWN,False,PENDING_USER_RESOLUTION,,A-grade beat-and-raise but close is +94.5pct above the 200SMA - extension is the dominant risk and a quiet Day-1 is not a true reset; 15pct stop; target back-solved,RESOLVED,WINNER,MISALIGNED,OUTCOME_JOIN_FALLBACK_DIRECT_PRICE_EVAL: status=EVALUATED_FULL; available_future_bars=23,2026-06-24,True,1.2119888244392543,1.7102877586758736,R_MULTIPLE_CLOSE_BASED
2026-05-20,2026-05-20,2026-05-19,ALAB,ACTIVE_BURST,active_burst,B,none,DEFER,medium,,UNKNOWN,UNKNOWN,UNKNOWN,False,PENDING_USER_RESOLUTION,,"A-grade catalyst and strong Day-1 shape, but the 17.7pct stop is untradeable as presented and the back-solved target sits far away; wait for a tighter Day-2 stop structure",RESOLVED,WINNER,MISALIGNED,OUTCOME_JOIN_FALLBACK_DIRECT_PRICE_EVAL: status=EVALUATED_FULL; available_future_bars=23,2026-06-24,True,1.8708043173420128,3.0096252562265144,R_MULTIPLE_CLOSE_BASED
2026-05-20,2026-05-20,2026-05-19,RLAY,EP_ACTIVE,ep,B,none,CANCEL,medium-high,,UNKNOWN,UNKNOWN,UNKNOWN,False,PENDING_USER_RESOLUTION,,A-grade FDA catalyst but the data-readout day closed in the bottom 20pct of range on 5.63x volume = catalyst-day distribution rejecting the long thesis; this signal is dead,RESOLVED,LOSER,ALIGNED,OUTCOME_JOIN_FALLBACK_DIRECT_PRICE_EVAL: status=EVALUATED_FULL; available_future_bars=23,2026-06-24,True,1.3076406436280077,1.9337566159993558,R_MULTIPLE_CLOSE_BASED
2026-05-22,2026-05-22,2026-05-21,AAP,EP_ACTIVE,ep,A2,half,DEFER,high,none,UNKNOWN,UNKNOWN,UNKNOWN,True,ACTIONABILITY_DISAGREED_WITH_COUNCIL,Actionability graded A2 with R:R 2.00 PASS; council finds the entry is an above-Day-1-high chase on a mid-range close (CIR 50.1) with an 11.5pct stop and floor-pinned R:R - not a clean A2 entry,A2 gate-clean but trade-unclean chase geometry; no honest entry on the next session; defer pending a proper post-earnings base,RESOLVED,NEVER_TRIGGERED,ALIGNED,,2026-06-24,False,,,R_MULTIPLE_CLOSE_BASED
2026-05-22,2026-05-22,2026-05-21,GFS,EP_ACTIVE,ep,B,none,DEFER,high,none,UNKNOWN,UNKNOWN,UNKNOWN,False,PENDING_USER_RESOLUTION,,B+ C1 R:R 0.58 fails the 2.0 floor against a structure-capped ATH target; Day-2 pullback rescue improbable and unproven; defer as Day-2 alert,RESOLVED,AMBIGUOUS,NEUTRAL,,2026-06-24,True,-0.2176162656199928,1.3120078746988284,R_MULTIPLE_CLOSE_BASED
2026-06-03,2026-06-03,2026-06-02,ADEA,SLINGSHOT,SLINGSHOT,A2,none,DEFER,medium,none,UNKNOWN,UNKNOWN,UNKNOWN,True,ACTIONABILITY_DISAGREED_WITH_COUNCIL,A2 route demoted to DEFER: contraction>=50 promote-condition is close-computed after the Day-2 entry window and not confirmable on a buy-stop fill,"Clean A2 R:R 2.45 PASS but un-actionable contraction confirmation, weak 1.81x thrust, +56pct extension nearing line",RESOLVED,LOSER,ALIGNED,,2026-06-24,True,-0.059652092505467394,,R_MULTIPLE_CLOSE_BASED
2026-06-03,2026-06-03,2026-06-02,UCTT,SLINGSHOT,SLINGSHOT,A2,none,CANCEL,high,none,UNKNOWN,UNKNOWN,UNKNOWN,True,ACTIONABILITY_DISAGREED_WITH_COUNCIL,A2 route cancelled: severe extension without reset (+99.8pct exceeds SPIR +75pct hard rule) and slingshot never mechanically confirmed; momentum relabel is the forbidden loophole,Severe extension without reset plus slingshot_range_break=FALSE; relabeling to MB breakout bypasses the extension hard rule,RESOLVED,LOSER,ALIGNED,,2026-06-24,True,0.3959802642263301,,R_MULTIPLE_CLOSE_BASED
2026-06-03,2026-06-03,2026-06-02,ICHR,SLINGSHOT,SLINGSHOT,B,none,CANCEL,high,none,UNKNOWN,UNKNOWN,UNKNOWN,False,PENDING_USER_RESOLUTION,,R:R 1.60 fails 2.0 floor; stop-tighten rescue not executable on an unprinted bar; most extended +115.8pct and weakest 73pct close,RESOLVED,LOSER,ALIGNED,,2026-06-24,True,-0.5506573375271416,,R_MULTIPLE_CLOSE_BASED
2026-06-09,2026-06-09,2026-06-08,EAT,DELAYED_EP,DELAYED_EP,A2,half,DEFER,medium,none_day1,UNKNOWN,UNKNOWN,UNKNOWN,True,ACTIONABILITY_DISAGREED_WITH_COUNCIL,Actionability carried an A2 executable-class label routed to council; council DEFER because Day-1 entry fails the 2.0 R:R floor and the clean $143.23 entry was already missed.,Day-1 chase fails R:R floor; clean entry missed; sub-$144 re-entry is a Day-2 pullback rescue with no mature base rate.,NOT_APPLICABLE,NOT_APPLICABLE,NOT_APPLICABLE,MISSING_SOURCE_FIELD: trigger_price,2026-06-24,False,,,NOT_CLASSIFIED_NO_TRIGGER_PRICE
2026-06-18,2026-06-18,2026-06-17,ABEO,PAUSE,pause,A2,half,DEFER,medium,none_day1,UNKNOWN,UNKNOWN,UNKNOWN,True,ACTIONABILITY_DISAGREED_WITH_COUNCIL,Actionability carried an A2 executable-class label; council DEFER because the breakout is un-triggered (close 5.65 < trigger 5.80) and flat Day-1 on 2.05x volume reads as absorption not thrust,Un-triggered PAUSE breakout; require Day-2 hold above 5.80 trigger plus volume before entry,NOT_APPLICABLE,NOT_APPLICABLE,NOT_APPLICABLE,OUTCOME_JOIN_FALLBACK_DIRECT_PRICE_EVAL: status=EVALUATED_PARTIAL; available_future_bars=3; MISSING_SOURCE_FIELD: trigger_price,2026-06-24,False,,,NOT_CLASSIFIED_NO_TRIGGER_PRICE
2026-06-18,2026-06-18,2026-06-17,DNOW,PAUSE,pause,A2,half,DEFER,medium,none_day1,UNKNOWN,UNKNOWN,UNKNOWN,True,ACTIONABILITY_DISAGREED_WITH_COUNCIL,Actionability A2; council DEFER because price is below the 200SMA with no reclaim and the trigger needs +4.7pct on 1.09x volume,Below-200SMA reclaim that has not reclaimed; require reclaim hold plus trigger plus Day-2,NOT_APPLICABLE,NOT_APPLICABLE,NOT_APPLICABLE,OUTCOME_JOIN_FALLBACK_DIRECT_PRICE_EVAL: status=EVALUATED_PARTIAL; available_future_bars=3; MISSING_SOURCE_FIELD: trigger_price,2026-06-24,False,,,NOT_CLASSIFIED_NO_TRIGGER_PRICE
2026-06-18,2026-06-18,2026-06-17,HOV,PAUSE,pause,A2,half,DEFER,medium,none_day1,UNKNOWN,UNKNOWN,UNKNOWN,True,ACTIONABILITY_DISAGREED_WITH_COUNCIL,Actionability A2; council DEFER because R:R is floor-pinned at 2.01 with a ~12pct stop and a bottom-quartile down-day close,Floor-pinned R:R with wide stop and weak Day-1; require Day-2 hold above 125.99 trigger,NOT_APPLICABLE,NOT_APPLICABLE,NOT_APPLICABLE,OUTCOME_JOIN_FALLBACK_DIRECT_PRICE_EVAL: status=EVALUATED_PARTIAL; available_future_bars=3; MISSING_SOURCE_FIELD: trigger_price,2026-06-24,False,,,NOT_CLASSIFIED_NO_TRIGGER_PRICE
2026-06-18,2026-06-18,2026-06-17,KRNT,DELAYED_EP,delayed_ep,A2,half,PROMOTE,medium,half,UNKNOWN,UNKNOWN,UNKNOWN,False,PENDING_USER_RESOLUTION,,Only candidate already above trigger on +4.32pct Day-1 with DEP vol gate 3.24x PASS and +14pct over a rising 200SMA; PROMOTE half-size on controlled pullback toward 16.43 not a chase,NOT_APPLICABLE,NOT_APPLICABLE,NOT_APPLICABLE,OUTCOME_JOIN_FALLBACK_DIRECT_PRICE_EVAL: status=EVALUATED_PARTIAL; available_future_bars=3; MISSING_SOURCE_FIELD: trigger_price,2026-06-24,False,,,NOT_CLASSIFIED_NO_TRIGGER_PRICE
2026-06-18,2026-06-18,2026-06-17,TENB,PAUSE,pause,A2,half,DEFER,medium,none_day1,UNKNOWN,UNKNOWN,UNKNOWN,True,ACTIONABILITY_DISAGREED_WITH_COUNCIL,Actionability A2; council DEFER because Day-1 volume 0.65x shows no participation and the trigger needs +5.5pct,Un-triggered on light volume; require a volume-backed trigger break,NOT_APPLICABLE,NOT_APPLICABLE,NOT_APPLICABLE,OUTCOME_JOIN_FALLBACK_DIRECT_PRICE_EVAL: status=EVALUATED_PARTIAL; available_future_bars=3; MISSING_SOURCE_FIELD: trigger_price,2026-06-24,False,,,NOT_CLASSIFIED_NO_TRIGGER_PRICE
2026-06-18,2026-06-18,2026-06-17,XERS,PAUSE,pause,A2,half,DEFER,medium,none_day1,UNKNOWN,UNKNOWN,UNKNOWN,True,ACTIONABILITY_DISAGREED_WITH_COUNCIL,Actionability A2; council DEFER because the best-on-board 4.95R is a floor-illusion while price sits below the 200SMA on 0.90x volume un-triggered,Below-200SMA reclaim un-triggered on light volume; require reclaim plus trigger plus Day-2,NOT_APPLICABLE,NOT_APPLICABLE,NOT_APPLICABLE,OUTCOME_JOIN_FALLBACK_DIRECT_PRICE_EVAL: status=EVALUATED_PARTIAL; available_future_bars=3; MISSING_SOURCE_FIELD: trigger_price,2026-06-24,False,,,NOT_CLASSIFIED_NO_TRIGGER_PRICE
2026-05-17,2026-05-15,2026-05-15,WRBY,DELAYED_EP,delayed_ep,B,none,DEFER,medium,none,UNKNOWN,UNKNOWN,UNKNOWN,False,PENDING_USER_RESOLUTION,,B+ C1 R:R 1.64 fails the 2.0 floor; clean structure; DEP-canonical today-low stop migrates with Monday bar so an honest stop-tightening contraction inside-day can clear 2.0R with entry held; DEFER as a Monday-only Day-2 alert with gap-through voiding guards; fourth pass re-affirms passes 1-3,RESOLVED,LOSER,ALIGNED,,2026-06-24,True,-1.7406282385031593,-1.1237576127380813,R_MULTIPLE_CLOSE_BASED
2026-05-17,2026-05-15,2026-05-15,SPIR,SLINGSHOT,slingshot,B,none,CANCEL,high,none,UNKNOWN,UNKNOWN,UNKNOWN,False,PENDING_USER_RESOLUTION,,B+ C1 R:R 1.31 fails the 2.0 floor; reward hard-capped by the 252w high only 0.99R away so a tighter Day-2 stop cannot help; severe extension +75.75% over 200SMA; 13.2% stop; only 2.0R path breaks the range-break thesis; remove from screen; fourth pass re-affirms passes 2-3,RESOLVED,LOSER,ALIGNED,,2026-06-24,True,0.43368522251682734,-0.5920746894432712,R_MULTIPLE_CLOSE_BASED
