trade_date,signal_date,exit_date,ticker,side,setup_family,primary_setup,action_label,final_trade_status,council_verdict,sugar_baby_flag,ep9m_context_type,entry_price,stop_price,exit_price,quantity,pnl,planned_risk_amount,realized_r,trade_taken_or_skipped,skip_reason,join_quality,risk_status,source_trade_file,trigger_price,invalidation_price
2026-05-15,2026-05-12,2026-05-15,ARMK,LONG_OR_SHORT_FROM_BROKER_PNL,EP_ACTIVE,ep,B,WATCH,,,,,47.73,52.64,150.0,219.19416447499998,,,TRADED,,BROKER_REALIZED_PNL_ROW|INFERRED_SIGNAL_MATCH_3D,PNL_ONLY_MISSING_RISK,ibkr_trades_2026-05-16.csv,48.45,47.73
2026-05-15,,2026-05-15,FIVN,LONG_OR_SHORT_FROM_BROKER_PNL,,,,,,,,,,21.3908,36.0,1.7385996670000001,,,TRADED,,BROKER_REALIZED_PNL_ROW|NO_RECENT_SIGNAL_MATCH,PNL_ONLY_MISSING_RISK,ibkr_trades_2026-05-16.csv,,
2026-05-15,,2026-05-15,FIVN,LONG_OR_SHORT_FROM_BROKER_PNL,,,,,,,,,,21.39,111.0,5.271881281000001,,,TRADED,,BROKER_REALIZED_PNL_ROW|NO_RECENT_SIGNAL_MATCH,PNL_ONLY_MISSING_RISK,ibkr_trades_2026-05-16.csv,,
2026-05-15,,2026-05-15,FIVN,LONG_OR_SHORT_FROM_BROKER_PNL,,,,,,,,,,21.39,28.0,1.3298437820000002,,,TRADED,,BROKER_REALIZED_PNL_ROW|NO_RECENT_SIGNAL_MATCH,PNL_ONLY_MISSING_RISK,ibkr_trades_2026-05-16.csv,,
2026-05-15,,2026-05-15,FIVN,LONG_OR_SHORT_FROM_BROKER_PNL,,,,,,,,,,21.42,100.0,7.74944245,,,TRADED,,BROKER_REALIZED_PNL_ROW|NO_RECENT_SIGNAL_MATCH,PNL_ONLY_MISSING_RISK,ibkr_trades_2026-05-16.csv,,
2026-05-15,,2026-05-15,FIVN,LONG_OR_SHORT_FROM_BROKER_PNL,,,,,,,,,,21.41,59.0,3.982171491,,,TRADED,,BROKER_REALIZED_PNL_ROW|NO_RECENT_SIGNAL_MATCH,PNL_ONLY_MISSING_RISK,ibkr_trades_2026-05-16.csv,,
2026-05-15,,2026-05-15,FIVN,LONG_OR_SHORT_FROM_BROKER_PNL,,,,,,,,,,21.4,16.0,0.9199106,,,TRADED,,BROKER_REALIZED_PNL_ROW|NO_RECENT_SIGNAL_MATCH,PNL_ONLY_MISSING_RISK,ibkr_trades_2026-05-16.csv,,
2026-05-15,2026-05-15,2026-05-15,TWLO,LONG_OR_SHORT_FROM_BROKER_PNL,DELAYED_EP,delayed_ep,B,WATCH,,,,,193.0,198.955,20.0,0.35431725,,,TRADED,,BROKER_REALIZED_PNL_ROW|INFERRED_SIGNAL_MATCH_0D,PNL_ONLY_MISSING_RISK,ibkr_trades_2026-05-16.csv,203.71,193.0
2026-05-15,2026-05-15,2026-05-15,TWLO,LONG_OR_SHORT_FROM_BROKER_PNL,DELAYED_EP,delayed_ep,B,WATCH,,,,,193.0,198.955,20.0,0.00406,,,TRADED,,BROKER_REALIZED_PNL_ROW|INFERRED_SIGNAL_MATCH_0D,PNL_ONLY_MISSING_RISK,ibkr_trades_2026-05-16.csv,203.71,193.0
2026-05-15,2026-05-06,2026-05-15,WERN,LONG_OR_SHORT_FROM_BROKER_PNL,UNKNOWN,,B,WATCH,,,,,35.029998779296875,37.25,200.0,0.7411145,,,TRADED,,BROKER_REALIZED_PNL_ROW|INFERRED_SIGNAL_MATCH_9D,PNL_ONLY_MISSING_RISK,ibkr_trades_2026-05-16.csv,38.459999084472656,35.029998779296875
