ticker,signal_date,review_date,setup_family,primary_setup,action_label,final_trade_status,final_trade_status_source,action_label_consistency_warning,source_type,decision_log_matched,council_verdict,council_verdict_source,bplus_blocker_type,planned_entry,planned_stop,planned_target,planned_risk_per_share,planned_reward_per_share,computed_planned_rr,logged_planned_rr,rr_arithmetic_valid,target_parse_status,rr_parse_status,target_parse_source,rr_parse_source,close,sma_200,below_200sma,below_200sma_pct,rr_to_200sma,nearest_resistance_price,nearest_resistance_type,rr_to_nearest_resistance,effective_target_price,effective_target_type,effective_rr,triggered_flag,trigger_first_hit_day,actual_entry_proxy,actual_entry_source,actual_entry_rr,signal_close,mfe_5d_pct,mae_5d_pct,max_high_1d,max_high_3d,max_high_5d,min_low_1d,min_low_3d,min_low_5d,mfe_1d_r,mfe_3d_r,mfe_5d_r,mae_1d_r,mae_3d_r,mae_5d_r,max_r_achieved_5d,hit_1r_5d,hit_2r_5d,hit_planned_target_5d,hit_effective_target_5d,hit_stop_5d,target_hit_before_stop_5d,rr_overstated_by_200sma,rr_overstated_by_nearest_resistance,hit_1r_not_2r,hit_1r_not_target,hit_2r_not_target,failed_before_1r,planned_target_not_reached,effective_target_reached,rr_degradation,rr_degradation_pct,major_rr_degradation,gap_fill_destroyed_rr,outcome_status,available_future_bars,audit_maturity_status,audit_view_eligible,missing_field_flags,target_realism_flag,date,source_file,review_bucket,focus_rank,tier,setups,promotion_tier,catalyst_type,catalyst_grade,catalyst_confidence,catalyst_source_status,source_urls,source_notes,neglect_score,market_mode,trigger_price,invalidation_price,planned_size,analysis_confidence,decision_reason,reason_for_skip,management_plan,what_would_prove_wrong,learned_pattern_matches,pack_date,legacy_date,decision_log_schema_version,day1_close_pct_in_range,day1_move_pct,day1_vol_ratio,ep9m_context_flag,ep9m_context_type,ep9m_priority_boost,ranking_context_score,raw_setup_family,source_bucket,ingested_from_file,day1_shape_source_present,final_status_source_present,source_path,trigger_hit_1d,trigger_hit_3d,trigger_hit_5d,invalidation_hit_1d,invalidation_hit_3d,invalidation_hit_5d,invalidation_first_hit_day,pre_burst_triggered_5d,pre_burst_trigger_first_day,ret_1d_close_pct,mfe_1d_pct,mae_1d_pct,ret_3d_close_pct,mfe_3d_pct,mae_3d_pct,ret_5d_close_pct,ret_10d_close_pct,mfe_10d_pct,mae_10d_pct,ret_20d_close_pct,mfe_20d_pct,mae_20d_pct,pre_burst_post_trigger_ret_1d_pct,pre_burst_post_trigger_ret_3d_pct,pre_burst_post_trigger_ret_5d_pct
CYTK,2026-05-05,2026-05-06,EP_ACTIVE,ep,A2,COUNCIL,DERIVED_LEGACY,,,True,PENDING_COUNCIL,DEFAULT_PENDING,NOT_BPLUS,77.09,73.07,,4.02000000000001,,,,,NOT_LOGGED,NOT_LOGGED,none,none,,,,,,,NONE,,,NONE,,True,1.0,77.09,TRIGGER_PRICE,,77.08999633789062,2.490603047799267,-6.408088009706725,79.01000213623047,79.01000213623047,79.01000213623047,72.1500015258789,72.1500015258789,72.1500015258789,0.4776124716991195,0.4776124716991195,0.4776124716991195,1.2288553418211654,1.2288553418211654,1.2288553418211654,0.4776124716991195,0.0,0.0,,,1.0,UNKNOWN,,,0.0,,,1.0,,,,,,,EVALUATED_PARTIAL,13,MATURE_5D,True,TARGET_NOT_PARSED;RR_NOT_PARSED;NO_SMA200,TARGET_NOT_LOGGED,2026-05-05,daily_decision_log_2026-05-06.csv,ACTIONABLE,2.0,TAKE,EP+9M,,earnings_plus_clinical_topline_2026-05-05,A,85.0,,,,3.0,Risk-on,77.09,73.07,half,80.0,"[DTE verified: none-scheduled, next ~Jul 2026]: Q1 2026 reported May 5 AMC + ACACIA-HCM topline same session; +16.71% on 9.24x vol — major dual catalyst. Multi-stack EP+9M. Gates: prior_high 67.05 < pause_high (n/a EP); ep_gap 12.82%; vol 9.24x exceptional; cpr 56.4% moderate. Gate 6 PASS (consec=2, dist_21ema=18.0% none). Comp 61 / RS 91 / AD B / sales-growth field shows 1110% (Q-over-Q inflection — exactly EP-family hypothesis). R:R from $77.09 / $73.07 / $90 = 3.21 (PASS). Risk 5.2%, reward 16.7%.",,,Loss of $73.07 today_low or pre-market gap-fill below $73.,,2026-05-05,,V5_9_EXPLICIT,,,,,,,,EP_ACTIVE,NORMAL,daily_decision_log_2026-05-06.csv,False,False,/content/bonde_repo/.claude/skills/llm-council/bonde_files 3/daily_decision_log_2026-05-06.csv,True,True,True,True,True,True,1.0,,,-2.91866663235798,2.490603047799267,-6.408088009706725,-0.23348382972069315,2.490603047799267,-6.408088009706725,-2.957580603978094,-0.8301977170206087,2.490603047799267,-6.408088009706725,,,,,,
GPK,2026-05-05,2026-05-06,EP_ACTIVE,ep,B,COUNCIL,DERIVED_LEGACY,,,True,PENDING_COUNCIL,DEFAULT_PENDING,BPLUS_UNKNOWN,10.73,9.82,12.5,0.9100000000000001,1.7699999999999996,1.9450549450549444,1.95,True,PARSED,PARSED,regex_v59_standard,regex_v59,,,,,,,NONE,,12.5,PLANNED_TARGET,1.9450549450549444,True,1.0,10.73,TRIGGER_PRICE,1.9450549450549444,10.729999542236328,6.057787511043244,-6.710152321259388,11.380000114440918,11.380000114440918,11.380000114440918,10.800000190734862,10.59000015258789,10.010000228881836,0.7142858400449642,0.7142858400449642,0.7142858400449642,-0.07692328652182535,0.15384598616715361,0.7912085396902905,0.7142858400449642,0.0,0.0,0.0,0.0,0.0,UNKNOWN,,,0.0,0.0,0.0,1.0,1.0,0.0,0.0,0.0,0.0,,EVALUATED_PARTIAL,13,MATURE_5D,True,NO_SMA200,FAILED_BEFORE_1R,2026-05-05,daily_decision_log_2026-05-06.csv,WATCH_ONLY,,PASS,EP+9M,,earnings_beat_post_q1_2026,B,75.0,,,,3.0,Risk-on,10.73,9.82,none,68.0,"[B_PLUS_DAY2_COUNCIL]: [V5.8.7 EP-tier-PASS override]: setup=EP_ACTIVE, tier=PASS (4 warnings) lifted to advisory; gates pass under EP-family extension exception. (dashboard tier=PASS with 4 warnings: comp 16, low RS 45, slow sales — backward metrics that EP setup is betting against.) [V5.9 R:R floor]: target=$12.50 (next round + 4-ADR drift, prior consolidation top), R:R=1.95R (FAIL vs 2.0 floor). Gates pass: ep_gap 13.7%; vol 2.22x; cpr 82.7%; consec=1; ext=none. [DTE verified: none-scheduled, next 2026-08-04]: Q1 2026 reported May 5 BMO, beat $0.09 vs $0.06 est. Day-1 range $1.10 (10.3% of close) wide. Day-2 plan: wait for inside-day reset or pullback to $10.20-10.30 area for tighter R:R. Skill resurrected from exclusions list.",,,Loss of $9.82 today_low or break back below $9.56 prior_close gap fill.,,2026-05-05,,V5_9_EXPLICIT,,,,,,,,EP_ACTIVE,NORMAL,daily_decision_log_2026-05-06.csv,False,False,/content/bonde_repo/.claude/skills/llm-council/bonde_files 3/daily_decision_log_2026-05-06.csv,True,True,True,False,False,False,6.0,,,4.38024498676588,6.057787511043244,0.6523825860662136,-0.9319611562123908,6.057787511043244,-1.3047473962823575,-5.684992383048238,-11.090397308025269,6.057787511043244,-12.674741050303872,,,,,,
LINC,2026-05-05,2026-05-06,ACTIVE_BURST,mb,B,COUNCIL,DERIVED_LEGACY,,,True,PENDING_COUNCIL,DEFAULT_PENDING,BPLUS_UNKNOWN,45.09,41.13,,3.960000000000001,,,,,NOT_LOGGED,NOT_LOGGED,none,none,,,,,,,NONE,,,NONE,,True,1.0,45.09,TRIGGER_PRICE,,45.09000015258789,14.54868341337654,-4.590817670923009,45.47999954223633,45.47999954223633,51.6500015258789,43.72999954223633,43.02000045776367,43.02000045776367,0.09848473288796077,0.09848473288796077,1.6565660418886097,0.34343445903123104,0.5227271571303866,0.5227271571303866,1.6565660418886097,1.0,0.0,,,0.0,UNKNOWN,,,1.0,,,0.0,,,,,,,EVALUATED_PARTIAL,13,MATURE_5D,True,TARGET_NOT_PARSED;RR_NOT_PARSED;NO_SMA200,TARGET_NOT_LOGGED,2026-05-05,daily_decision_log_2026-05-06.csv,WATCH_ONLY,9.0,TAKE,MB,,pre_earnings_setup,B,65.0,,,,3.0,Risk-on,45.09,41.13,none,72.0,"[B_PLUS_DAY2_COUNCIL]: [DTE verified: 2026-05-11, DTE=3]: Q1 2026 earnings BMO Mon May 11 — DTE 3-7 swing block (V5.2.3). Gates 1-5 PASS (fresh 41.39<42.00; close 45.09>=42.00; vol 2.80x; cpr 96.8%; mid=43.61, close>=mid). Gate 6 soft (consec=2 PASS, dist_21ema=10.7% none). Comp 98/RS 92/AD B/sales+20%. R:R Day-2 $45.09/$42.00/$52 = $6.91/$3.09 = 2.24 PASS in absence of DTE. Issue: holding through Mon AMC binary print blocks A2 promotion. Tactical option: trim/exit before close Fri May 8 OR pass entirely. Council channel: surface for sizing decision (quarter-size pre-print) vs no-trade.",,,Loss of $42.00 pause_high reclaim level on Day-2; or Mon May 11 print is the only worry — exit Friday close.,,2026-05-05,,V5_9_EXPLICIT,,,,,,,,ACTIVE_BURST,NORMAL,daily_decision_log_2026-05-06.csv,False,False,/content/bonde_repo/.claude/skills/llm-council/bonde_files 3/daily_decision_log_2026-05-06.csv,True,True,True,False,False,False,,,,-0.1996011361351191,0.8649354365239503,-3.0161911859596824,-0.7540477964899206,0.8649354365239503,-4.590817670923009,11.3550652352147,5.367039611345881,18.651585315928255,-4.590817670923009,,,,,,
PLOW,2026-05-05,2026-05-06,EP_ACTIVE,ep,A2,COUNCIL,DERIVED_LEGACY,,,True,PENDING_COUNCIL,DEFAULT_PENDING,NOT_BPLUS,50.74,47.42,58.0,3.3200000000000003,7.259999999999998,2.1867469879518064,,,PARSED,NOT_LOGGED,regex_v59_reverse,none,,,,,,,NONE,,58.0,PLANNED_TARGET,2.1867469879518064,True,1.0,50.74,TRIGGER_PRICE,2.1867469879518064,50.7400016784668,2.3255744017432356,-12.47536779988132,51.919998168945305,51.919998168945305,51.919998168945305,45.060001373291016,44.869998931884766,44.40999984741211,0.3554211352244889,0.3554211352244889,0.3554211352244889,1.7108429598521042,1.768072610878083,1.9066265519843049,0.3554211352244889,0.0,0.0,0.0,0.0,1.0,UNKNOWN,,,0.0,0.0,0.0,1.0,1.0,0.0,0.0,0.0,0.0,,EVALUATED_PARTIAL,13,MATURE_5D,True,RR_NOT_PARSED;NO_SMA200,RR_NOT_LOGGED,2026-05-05,daily_decision_log_2026-05-06.csv,ACTIONABLE,4.0,TAKE,MB+EP,,earnings_beat_post_q1_2026,A,80.0,,,,3.0,Risk-on,50.74,47.42,half,78.0,"[DTE verified: none-scheduled, next ~Aug 2026]: Q1 2026 reported May 4 AMC; +13.82% on 2.86x vol post-print. Multi-stack MB+EP (gates 1-5 PASS: prior_high 45.98 < pause_high 46.42 fresh; close 50.74 >= pause_high; vol 2.86x >= 1.5; cpr 67.6%; midpoint(46.42,52.33)=49.38, close 50.74 >= mid). Gate 6 PASS (consec=1, dist_21ema=11.4%, ext=none). Comp 97 / RS 92 / AD C- / sales+20%. R:R from $50.74 trigger / $47.42 stop / $58 target = 2.19 (PASS). Risk 6.5%, reward 14.3%. Council not required.",,,Loss of $47.42 today_low or break back below $46.42 pause_high.,,2026-05-05,,V5_9_EXPLICIT,,,,,,,,EP_ACTIVE,NORMAL,daily_decision_log_2026-05-06.csv,False,False,/content/bonde_repo/.claude/skills/llm-council/bonde_files 3/daily_decision_log_2026-05-06.csv,True,True,True,True,True,True,1.0,,,-10.484831165820008,2.3255744017432356,-11.194324235874586,-10.741033864120553,2.3255744017432356,-11.568787056373242,-11.430829444018798,-15.372492695576723,2.3255744017432356,-15.825783067330757,,,,,,
ULS,2026-05-05,2026-05-06,ACTIVE_BURST,mb,B,COUNCIL,DERIVED_LEGACY,,,True,PENDING_COUNCIL,DEFAULT_PENDING,BPLUS_UNKNOWN,104.74,95.49,118.0,9.25,13.260000000000005,1.433513513513514,1.45,True,PARSED,PARSED,regex_v59_standard,regex_v59,,,,,,,NONE,,118.0,PLANNED_TARGET,1.433513513513514,True,1.0,104.74,TRIGGER_PRICE,1.433513513513514,104.73999786376953,2.6732892007498954,-10.148937817665338,107.54000091552736,107.54000091552736,107.54000091552736,102.22000122070312,97.88999938964844,94.11000061035156,0.30270280167863384,0.30270280167863384,0.30270280167863384,0.2724323004645265,0.7405406065244927,1.149189123205236,0.30270280167863384,0.0,0.0,0.0,0.0,1.0,UNKNOWN,,,0.0,0.0,0.0,1.0,1.0,0.0,0.0,0.0,0.0,,EVALUATED_PARTIAL,13,MATURE_5D,True,NO_SMA200,FAILED_BEFORE_1R,2026-05-05,daily_decision_log_2026-05-06.csv,WATCH_ONLY,8.0,TAKE,MB,,earnings_beat_post_q1_2026,A,80.0,,,,4.0,Risk-on,104.74,95.49,none,70.0,"[B_PLUS_DAY2_COUNCIL]: [V5.9 R:R floor]: target=$118 (10 ADR-extension above close; conservative post-EP drift), R:R=1.45R (FAIL vs 2.0 floor). Gates 1-5 PASS (fresh 92.03<92.67; close 104.74>=92.67; vol 1.60x just above 1.5 floor; cpr 99.5% strongest of pack; midpoint=98.73, close 104.74>=mid). Gate 6 PASS (dist_21ema=16.3% none). Comp 94/RS 96/AD A+/sales+8%. [DTE verified: none-scheduled, next ~Aug 2026]: Q1 2026 reported May 5 AMC. Day-1 range $9.30 (8.9% of close) is wide; today_low stop too far for 2-3 week R:R. Day-2 plan: wait for inside-day or controlled pullback to ~$100-101 area to tighten stop, then re-evaluate R:R.",,,"Loss of $95.49 today_low; or no inside-day forms, must defer.",,2026-05-05,,V5_9_EXPLICIT,,,,,,,,ACTIVE_BURST,NORMAL,daily_decision_log_2026-05-06.csv,False,False,/content/bonde_repo/.claude/skills/llm-council/bonde_files 3/daily_decision_log_2026-05-06.csv,True,True,True,False,False,True,5.0,,,0.14321322220571808,2.6732892007498954,-2.405954453373249,-4.105399570425893,2.6732892007498954,-6.5400024955419305,-7.151038778434405,-4.535039237043048,2.6732892007498954,-10.148937817665338,,,,,,
CVS,2026-05-06,2026-05-07,ACTIVE_BURST,mb,A2,COUNCIL,DERIVED_LEGACY,,,True,PENDING_COUNCIL,DEFAULT_PENDING,NOT_BPLUS,88.73,85.22,100.0,3.510000000000005,11.269999999999996,3.210826210826205,3.21,True,PARSED,PARSED,regex_v59_standard,regex_v59,,,,,,,NONE,,100.0,PLANNED_TARGET,3.210826210826205,True,2.0,88.73,TRIGGER_PRICE,3.210826210826205,86.86000061035156,13.078517764824582,-0.7368171599715256,87.98999786376953,92.7699966430664,98.22000122070312,86.22000122070312,86.22000122070312,86.22000122070312,-0.21082681943888082,1.150996194605811,2.703704051482367,0.7150993673210471,0.7150993673210471,0.7150993673210471,2.703704051482367,1.0,1.0,0.0,0.0,0.0,UNKNOWN,,,0.0,1.0,1.0,0.0,1.0,0.0,0.0,0.0,0.0,,EVALUATED_PARTIAL,12,MATURE_5D,True,NO_SMA200,HIT_2R_NOT_TARGET,2026-05-06,daily_decision_log_2026-05-07.csv,ACTIONABLE,5.0,TAKE,MB+9M,,Earnings_Beat_Q1,B,75.0,,,,,Risk-On,88.73,85.22,284 shares (~1% account risk; ~25% of $100k),,"V5.1 PASS (vol=1.96x ≥1.5; CPR=48.1% ≥30; fresh trigger above prior_high & pause_high); ext=mild; consec_up=1; bag_holder=False; [DTE verified: 2026-07-30, DTE=56] ✓ [V5.9 R:R floor]: target=$100.00 (round-number resistance + 2026 sell-side target zone $95-100), R:R=3.21R (PASS vs 2.0 floor)",,,Close back below prior_high or trigger fails (close < $85.22),,2026-05-06,,V5_9_EXPLICIT,,,,,,,,ACTIVE_BURST,NORMAL,daily_decision_log_2026-05-07.csv,False,False,/content/bonde_repo/.claude/skills/llm-council/bonde_files 3/daily_decision_log_2026-05-07.csv,False,True,True,False,False,False,,,,0.5756389551998309,1.3009408766724073,-0.7368171599715256,6.170850302426523,6.804047883014319,-0.7368171599715256,12.95187649199634,7.391202076713088,13.320285071982108,-0.7368171599715256,,,,,,
ZGN,2026-05-06,2026-05-07,ACTIVE_BURST,mb,B,COUNCIL,DERIVED_LEGACY,,,True,PENDING_COUNCIL,DEFAULT_PENDING,BPLUS_UNKNOWN,13.16999969482422,12.44499969482422,14.5,0.7249999999999996,1.3300003051757798,1.8344831795528007,1.83,True,PARSED,PARSED,regex_v59_standard,regex_v59,,,,,,,NONE,,14.5,PLANNED_TARGET,1.8344831795528007,True,1.0,13.16999969482422,TRIGGER_PRICE,1.8344831795528007,12.9399995803833,3.4003133564598054,-6.336937568895418,13.380000114440916,13.380000114440916,13.380000114440916,12.9350004196167,12.399999618530273,12.119999885559082,0.28965575119544296,0.28965575119544296,0.28965575119544296,0.3241369313207187,1.0620690707502718,1.4482755989863982,0.28965575119544296,0.0,0.0,0.0,0.0,1.0,UNKNOWN,,,0.0,0.0,0.0,1.0,1.0,0.0,0.0,0.0,0.0,,EVALUATED_PARTIAL,12,MATURE_5D,True,NO_SMA200,FAILED_BEFORE_1R,2026-05-06,daily_decision_log_2026-05-07.csv,WATCH_ONLY,12.0,TAKE,MB,,Earnings_Continuation,B,70.0,,,,,Risk-On,13.16999969482422,12.44499969482422,none,,"[B_PLUS_DAY2_COUNCIL]: [V5.9 R:R floor]: target=$14.50 (prior 2024 mid-teens range; round-number resistance), R:R=1.83R (FAIL vs 2.0 floor); wide Day-1 range, tomorrow inside-day or 5/10-EMA pullback may produce acceptable R:R against tighter invalidation. [DTE verified: 2026-08-01, DTE=58]: confirmed.",,,Day-2 trigger fails (open below today's low or no reset),,2026-05-06,,V5_9_EXPLICIT,,,,,,,,ACTIVE_BURST,NORMAL,daily_decision_log_2026-05-07.csv,False,False,/content/bonde_repo/.claude/skills/llm-council/bonde_files 3/daily_decision_log_2026-05-07.csv,True,True,True,False,True,True,3.0,,,0.85008202410084,3.4003133564598054,-0.03863339203024063,-3.3230244624840033,3.4003133564598054,-4.173106486584843,-1.7774308322621724,3.4003133564598054,4.327669534592915,-6.336937568895418,,,,,,
IMSR,2026-05-06,2026-05-07,UNKNOWN,,B,COUNCIL,DERIVED_LEGACY,,,True,PENDING_COUNCIL,DEFAULT_PENDING,BPLUS_UNKNOWN,8.754999732971191,7.619999885559082,12.5,1.134999847412109,3.745000267028809,3.2995601502217915,3.3,True,PARSED,PARSED,regex_v59_standard,regex_v59,,,,,,,NONE,,12.5,PLANNED_TARGET,3.2995601502217915,False,,,NOT_TRIGGERED,,8.619999885559082,-1.6241339348193495,-19.431551463287132,8.479999542236328,8.479999542236328,8.479999542236328,7.289999961853027,7.025000095367432,6.945000171661377,,,,,,,,,,,,,UNKNOWN,,,,,,,,,,,,,EVALUATED_PARTIAL,12,MATURE_5D,False,NO_SMA200;NOT_TRIGGERED,NOT_TRIGGERED,2026-05-06,daily_decision_log_2026-05-07.csv,WATCH_ONLY,,,,,Pre_Earnings_Spike,B,65.0,,,,,Risk-On,8.754999732971191,7.619999885559082,none,,"[B_PLUS_DAY2_COUNCIL]: [DTE=5]: pre-earnings tactical flat trade candidate (entry tomorrow, exit by DTE-1 close); swing entry blocked by V5.2.3 DTE 3-7 bucket. R:R if entered: target=$12.50, R:R=3.30R PASS. [DTE verified: 2026-05-14, DTE=5]: confirmed.",,,Day-2 trigger fails (open below today's low or no reset),,2026-05-06,,V5_9_EXPLICIT,,,,,,,,UNKNOWN,UNKNOWN,daily_decision_log_2026-05-07.csv,False,False,/content/bonde_repo/.claude/skills/llm-council/bonde_files 3/daily_decision_log_2026-05-07.csv,False,False,False,True,True,True,1.0,,,-14.269141942032748,-1.6241339348193495,-15.429233658508256,-11.136891541672078,-1.6241339348193495,-18.50347809010674,-17.40139234239343,-22.157771145819794,-1.6241339348193495,-29.814382006311735,,,,,,
IFF,2026-05-06,2026-05-07,EP_ACTIVE,ep,A2,COUNCIL,DERIVED_LEGACY,,,True,PENDING_COUNCIL,DEFAULT_PENDING,NOT_BPLUS,83.99,78.28,96.0,5.709999999999994,12.010000000000005,2.1033274956217194,2.1,True,PARSED,PARSED,regex_v59_standard,regex_v59,,,,,,,NONE,,96.0,PLANNED_TARGET,2.1033274956217194,False,,,NOT_TRIGGERED,,82.93000030517578,0.9887853512681621,-7.367660180715363,83.75,83.75,83.75,77.7699966430664,77.7699966430664,76.81999969482422,,,,,,,,,,,,,UNKNOWN,,,,,,,,,,,,,EVALUATED_PARTIAL,12,MATURE_5D,False,NO_SMA200;NOT_TRIGGERED,NOT_TRIGGERED,2026-05-06,daily_decision_log_2026-05-07.csv,ACTIONABLE,9.0,TAKE,EP,,Earnings_Beat_Q1,A,85.0,,,,,Risk-On,83.99,78.28,175 shares (~1% account risk; ~15% of $100k),,"V5.1 PASS (vol=2.97x ≥1.5; CPR=82.9% ≥30; fresh trigger above prior_high & pause_high); ext=none; consec_up=2; bag_holder=False; [DTE verified: 2026-08-05, DTE=62] ✓ [V5.9 R:R floor]: target=$96.00 (prior 2024 ATH zone $95-100; analyst median target ~$95), R:R=2.10R (PASS vs 2.0 floor)",,,Close back below prior_high or trigger fails (close < $78.28),,2026-05-06,,V5_9_EXPLICIT,,,,,,,,EP_ACTIVE,NORMAL,daily_decision_log_2026-05-07.csv,False,False,/content/bonde_repo/.claude/skills/llm-council/bonde_files 3/daily_decision_log_2026-05-07.csv,False,False,False,True,True,True,1.0,,,-5.631253046858909,0.9887853512681621,-6.222119429785334,-5.040395863732927,0.9887853512681621,-6.222119429785334,-6.571803844431001,-10.249608065501848,0.9887853512681621,-14.023872194164365,,,,,,
TKR,2026-05-06,2026-05-07,EP_ACTIVE,ep,B,COUNCIL,DERIVED_LEGACY,,,True,PENDING_COUNCIL,DEFAULT_PENDING,BPLUS_UNKNOWN,123.76999816894532,113.42749786376952,130.0,10.342500305175804,6.230001831054679,0.6023690255959611,0.6,True,PARSED,PARSED,regex_v59_standard,regex_v59,,,,,,,NONE,,130.0,PLANNED_TARGET,0.6023690255959611,False,,,NOT_TRIGGERED,,119.69999694824219,0.7936546381429599,-4.753546330057179,120.65000152587889,120.65000152587889,120.65000152587889,116.01000213623047,115.19000244140625,114.01000213623047,,,,,,,,,,,,,UNKNOWN,,,,,,,,,,,,,EVALUATED_PARTIAL,12,MATURE_5D,False,NO_SMA200;NOT_TRIGGERED,NOT_TRIGGERED,2026-05-06,daily_decision_log_2026-05-07.csv,WATCH_ONLY,2.0,TAKE,MB+EP,,Earnings_Q1,B,75.0,,,,,Risk-On,123.76999816894532,113.42749786376952,none,,"[B_PLUS_DAY2_COUNCIL]: [V5.9 R:R floor]: target=$130.00 (60-day swing high projection ~$130), R:R=0.60R (FAIL vs 2.0 floor); wide Day-1 range, tomorrow inside-day or 5/10-EMA pullback may produce acceptable R:R against tighter invalidation. [DTE verified: 2026-08-05, DTE=62]: confirmed.",,,Day-2 trigger fails (open below today's low or no reset),,2026-05-06,,V5_9_EXPLICIT,,,,,,,,EP_ACTIVE,NORMAL,daily_decision_log_2026-05-07.csv,False,False,/content/bonde_repo/.claude/skills/llm-council/bonde_files 3/daily_decision_log_2026-05-07.csv,False,False,False,False,False,False,8.0,,,-2.8070181253257775,0.7936546381429599,-3.082702511351987,-1.929822571000217,0.7936546381429599,-3.7677482220705882,-3.308269996184665,-2.088554773381479,0.7936546381429599,-10.48454113811703,,,,,,
TIC,2026-05-06,2026-05-07,EP_ACTIVE,ep,B,COUNCIL,DERIVED_LEGACY,,,True,PENDING_COUNCIL,DEFAULT_PENDING,BPLUS_UNKNOWN,10.575000381469728,9.75,12.5,0.825000381469728,1.924999618530272,2.3333317920422156,2.33,True,PARSED,PARSED,regex_v59_standard,regex_v59,,,,,,,NONE,,12.5,PLANNED_TARGET,2.3333317920422156,True,1.0,10.575000381469728,TRIGGER_PRICE,2.3333317920422156,10.3100004196167,5.722591415137002,-13.433561324077292,10.899999618530273,10.899999618530273,10.899999618530273,9.979999542236328,9.6899995803833,8.925000190734863,0.3939382870121385,0.3939382870121385,0.3939382870121385,0.7212128049849058,1.0727277477251698,1.999999306418998,0.3939382870121385,0.0,0.0,0.0,0.0,1.0,UNKNOWN,,,0.0,0.0,0.0,1.0,1.0,0.0,0.0,0.0,0.0,,EVALUATED_PARTIAL,12,MATURE_5D,True,NO_SMA200,FAILED_BEFORE_1R,2026-05-06,daily_decision_log_2026-05-07.csv,WATCH_ONLY,4.0,TAKE,MB+EP,,Earnings_Beat_Q1,B,70.0,,,,,Risk-On,10.575000381469728,9.75,none,,"[B_PLUS_DAY2_COUNCIL]: Day-2 confirmation needed after strong catalyst bar; V5.1 Gates 1-4 PASS, vol 2.27x, CPR 77.2%, but Day-1 entry would chase (CPR≥95 or moderate extension) — wait for inside-day or 5/10-EMA pullback. R:R at static EOD: target=$12.50, R:R=2.33R. [DTE verified: 2026-08-05, DTE=62]: confirmed.",,,Day-2 trigger fails (open below today's low or no reset),,2026-05-06,,V5_9_EXPLICIT,,,,,,,,EP_ACTIVE,NORMAL,daily_decision_log_2026-05-07.csv,False,False,/content/bonde_repo/.claude/skills/llm-council/bonde_files 3/daily_decision_log_2026-05-07.csv,True,True,True,False,True,True,3.0,,,-2.9097980458279826,5.722591415137002,-3.20078432540587,-5.722600665129995,5.722591415137002,-6.013586944707894,-13.288077434281343,-16.682834112753163,5.722591415137002,-18.040742334137683,,,,,,
CALY,2026-05-08,2026-05-09,EP_ACTIVE,ep,B,COUNCIL,DERIVED_LEGACY,,,True,PENDING_COUNCIL,DEFAULT_PENDING,C1,17.74,15.77,21.0,1.9699999999999989,3.2600000000000016,1.6548223350253826,1.65,True,PARSED,PARSED,regex_v59_standard,regex_v59,,,,,,,NONE,,21.0,PLANNED_TARGET,1.6548223350253826,True,1.0,17.74,TRIGGER_PRICE,1.6548223350253826,17.520000457763672,2.73972334300725,-15.125573647061696,18.0,18.0,18.0,16.079999923706055,14.979999542236328,14.869999885559082,0.13197969543147295,0.13197969543147295,0.13197969543147295,0.8426396326365202,1.4010154607937422,1.456852849970009,0.13197969543147295,0.0,0.0,0.0,0.0,1.0,UNKNOWN,,,0.0,0.0,0.0,1.0,1.0,0.0,0.0,0.0,0.0,,EVALUATED_PARTIAL,10,MATURE_5D,True,NO_SMA200,FAILED_BEFORE_1R,2026-05-08,daily_decision_log_2026-05-09.csv,WATCH_ONLY,3.0,TAKE,MB+EP,,earnings,A,90.0,,,,3.0,Risk-on,17.74,15.77,none,85.0,"[B_PLUS_DAY2_COUNCIL:C1]: [V5.9 R:R floor]: target=$21.00 (round-number ~2× ADR over 5 sessions; ATH so no overhead structural target), R:R=1.65R (FAIL vs 2.0 floor); wide Day-1 range ($15.77-$17.69, $1.97 risk to today_low) blocks A2. [DTE verified: 2026-08 (next ~Aug)]: PASS; Q1 2026 print May 7 AMC (revenue beat 5.5%, EPS beat 17%, EBITDA beat 40%, raised guidance — Grade A). All V5.1 gates pass: vol 3.18x, fresh prior_high 14.90<pause_high 15.53, midpoint $16.61<close $17.52, close_pct 91.1%; Gate 6 PASS (consec_up=1, ext=none). Day-2 plan: inside-day or pullback to 10/21 EMA next session, recompute R:R against new tighter invalidation.",,,Monday closes below today_low $15.77 (failed reclaim) or no inside-day forms within 3 sessions,NONE,2026-05-08,,V5_9_EXPLICIT,,,,,,,,EP_ACTIVE,NORMAL,daily_decision_log_2026-05-09.csv,False,False,/content/bonde_repo/.claude/skills/llm-council/bonde_files 3/daily_decision_log_2026-05-09.csv,True,True,True,False,True,True,2.0,,,-8.047944124266804,2.73972334300725,-8.219180915714574,-12.44292379119062,2.73972334300725,-14.497721741792468,-13.070781139806254,-12.214613512606686,2.73972334300725,-18.607306756303345,,,,,,
DBX,2026-05-08,2026-05-09,EP_ACTIVE,ep,B,COUNCIL,DERIVED_LEGACY,,,True,PENDING_COUNCIL,DEFAULT_PENDING,C1,29.15,26.71,32.17,2.4399999999999977,3.020000000000003,1.2377049180327893,1.24,True,PARSED,PARSED,regex_v59_standard,regex_v59,,,,,,,NONE,,32.17,PLANNED_TARGET,1.2377049180327893,False,,,NOT_TRIGGERED,,28.899999618530273,-1.0034567889501522,-11.81660572060721,28.610000610351562,28.610000610351562,28.610000610351562,25.774999618530273,25.485000610351562,25.485000610351562,,,,,,,,,,,,,UNKNOWN,,,,,,,,,,,,,EVALUATED_PARTIAL,10,MATURE_5D,False,NO_SMA200;NOT_TRIGGERED,NOT_TRIGGERED,2026-05-08,daily_decision_log_2026-05-09.csv,WATCH_ONLY,5.0,TAKE,EP+9M,,earnings,B,75.0,,,,2.0,Risk-on,29.15,26.71,none,80.0,"[B_PLUS_DAY2_COUNCIL:C1]: [V5.9 R:R floor]: target=$32.17 (52w high), R:R=1.24R (FAIL vs 2.0 floor); wide Day-1 range ($26.71-$29.10, $2.44 risk) blocks A2. [DTE verified: 2026-08 next-quarter]: PASS; Q1 CY26 print May 7 AMC — revenue $629.5M (1.4% beat) flat YoY, EPS beat 9.1%, raised FY guidance, but net income FELL 24% YoY on higher interest cost; modest beats on slow-growth story. Gates clean: vol 2.78x, fresh (prior_high 25.48<pause_high 25.64), midpoint $27.37<close $28.90, close_pct 91.6%; Gate 6 PASS (consec_up=2, ext=none). Day-2 plan: inside-day or pullback to 10EMA next session, tighten stop to Day-2 low.",,,Monday closes below $26.71 (today_low) or fades below VWAP into close,NONE,2026-05-08,,V5_9_EXPLICIT,,,,,,,,EP_ACTIVE,NORMAL,daily_decision_log_2026-05-09.csv,False,False,/content/bonde_repo/.claude/skills/llm-council/bonde_files 3/daily_decision_log_2026-05-09.csv,False,False,False,True,True,True,1.0,,,-8.33909992810814,-1.0034567889501522,-10.813148931657057,-9.342556717058292,-1.0034567889501522,-11.81660572060721,-7.197231664918046,-5.086502881515431,-1.0034567889501522,-11.81660572060721,,,,,,
CVSA,2026-05-08,2026-05-09,ACTIVE_BURST,mb,B,COUNCIL,DERIVED_LEGACY,,,True,PENDING_COUNCIL,DEFAULT_PENDING,C1,133.79,121.4,154.45,12.389999999999986,20.659999999999997,1.667473769168686,1.67,True,PARSED,PARSED,regex_v59_standard,regex_v59,,,,,,,NONE,,154.45,PLANNED_TARGET,1.667473769168686,False,,,NOT_TRIGGERED,,133.72999572753906,0.007485056415768021,-8.113361864025503,133.74000549316406,133.74000549316406,133.74000549316406,125.18000030517578,124.29000091552734,122.87999725341797,,,,,,,,,,,,,UNKNOWN,,,,,,,,,,,,,EVALUATED_PARTIAL,10,MATURE_5D,False,NO_SMA200;NOT_TRIGGERED,NOT_TRIGGERED,2026-05-08,daily_decision_log_2026-05-09.csv,WATCH_ONLY,9.0,TAKE,MB,,earnings,B,80.0,,,,2.0,Risk-on,133.79,121.4,none,80.0,"[B_PLUS_DAY2_COUNCIL:C1]: [V5.9 R:R floor]: target=$154.45 (52w high), R:R=1.67R (FAIL vs 2.0 floor); wide Day-1 range ($121.40-$133.74, $12.39 risk) blocks A2. [DTE verified: 2026-08 next fiscal Q4]: PASS; Covista (education co) fiscal Q3 2026 print May 8 — revenue $487M (2.7% beat), EPS $1.98 (14.9% beat), raised FY26 guidance to $1.93-$1.945B (8-9% growth). Gates clean: vol 1.80x, fresh (prior_high 118.93<pause_high 119.41), midpoint $126.58<close $133.73, close_pct 99.9% (excellent close); Gate 6 PASS (consec_up=2, ext=none). Day-2 plan: inside-day or controlled pullback, recompute R:R against tighter Day-2 invalidation.",,,Monday closes below today_low $121.40 (failed continuation) or no Day-2 inside forms within 3 sessions,NONE,2026-05-08,,V5_9_EXPLICIT,,,,,,,,ACTIVE_BURST,NORMAL,daily_decision_log_2026-05-09.csv,False,False,/content/bonde_repo/.claude/skills/llm-council/bonde_files 3/daily_decision_log_2026-05-09.csv,False,False,False,False,False,False,9.0,,,-2.6172138725936156,0.007485056415768021,-6.393476180006019,-3.6865272065256027,0.007485056415768021,-7.058995822631086,-8.075970812387634,-6.415908528959358,0.007485056415768021,-9.60891264836472,,,,,,
BILL,2026-05-08,2026-05-09,EP_ACTIVE,ep,A2,COUNCIL,DERIVED_LEGACY,,,True,PENDING_COUNCIL,DEFAULT_PENDING,NOT_BPLUS,43.3,39.03,56.31,4.269999999999996,13.010000000000005,3.0468384074941492,3.05,True,PARSED,PARSED,regex_v59_standard,regex_v59,,,,,,,NONE,,56.31,PLANNED_TARGET,3.0468384074941492,True,1.0,43.3,TRIGGER_PRICE,3.0468384074941492,41.83000183105469,4.1596887105028735,-6.048296636974715,43.56999969482421,43.56999969482421,43.56999969482421,41.2400016784668,39.439998626708984,39.29999923706055,0.06323177864735709,0.06323177864735709,0.06323177864735709,0.48243520410613633,0.9039815862508235,0.9367683285572492,0.06323177864735709,0.0,0.0,0.0,0.0,0.0,UNKNOWN,,,0.0,0.0,0.0,1.0,1.0,0.0,0.0,0.0,0.0,,EVALUATED_PARTIAL,10,MATURE_5D,True,NO_SMA200,FAILED_BEFORE_1R,2026-05-08,daily_decision_log_2026-05-09.csv,ACTIONABLE,11.0,TAKE,EP,,earnings+buyback+restructuring,A,90.0,,,,3.0,Risk-on,43.3,39.03,full,80.0,"[DTE verified: 2026-08-20, DTE=~74]: PASS V5.2.3. [V5.9 R:R floor]: target=$56.31 (52w high), R:R=3.05R (PASS vs 2.0 floor). All V5.1 gates pass: vol 3.57x, fresh (prior_high 39.50<pause_high 40.41), close $41.83 = midpoint $41.83 exactly (PASS borderline), close_pct 66.4% > 30% backup floor; V5.5 Gate 6 PASS (consec_up=2 <3, ext_severity=none). V5.6 Gate 6.5 not firing. V5.8.2 bag_holder=False. Q3 FY26 print May 7 AMC: EPS $0.68 (beat 23.6%), revenue $406.6M (beat 0.9%), core revenue +16% YoY, raised FY26 guidance, $1B share repurchase authorization, 30% workforce reduction toward AI-centered ops. Multi-catalyst Grade A. Note: Day-1 reaction was muted (-0.5% AH on May 7); +11% gap-and-run on May 8 looks like delayed institutional accumulation — usually positive but watch for fade if Monday opens below $41.",,,Monday closes below $39.03 (today_low) or vol_ratio < 1.5x on next-session trigger fire (fake breakout),NONE,2026-05-08,,V5_9_EXPLICIT,,,,,,,,EP_ACTIVE,NORMAL,daily_decision_log_2026-05-09.csv,False,False,/content/bonde_repo/.claude/skills/llm-council/bonde_files 3/daily_decision_log_2026-05-09.csv,True,True,True,False,False,False,6.0,,,-0.7889118255062888,4.1596887105028735,-1.410471256900292,-4.4704821054866395,4.1596887105028735,-5.713610087799137,-4.207511496984539,-13.602682745239514,4.1596887105028735,-14.582840119049923,,,,,,
CBL,2026-05-08,2026-05-09,ACTIVE_BURST,mb,B,COUNCIL,DERIVED_LEGACY,,,True,PENDING_COUNCIL,DEFAULT_PENDING,C1,47.99,44.82,53.0,3.1700000000000017,5.009999999999998,1.5804416403785475,1.58,True,PARSED,PARSED,regex_v59_standard,regex_v59,,,,,,,NONE,,53.0,PLANNED_TARGET,1.5804416403785475,True,1.0,47.99,TRIGGER_PRICE,1.5804416403785475,47.349998474121094,2.7243948407567276,-4.941922340011917,48.63999938964844,48.63999938964844,48.63999938964844,46.375,45.0099983215332,45.0099983215332,0.20504712607206158,0.20504712607206158,0.20504712607206158,0.5094637223974767,0.9400636209674439,0.9400636209674439,0.20504712607206158,0.0,0.0,0.0,0.0,0.0,UNKNOWN,,,0.0,0.0,0.0,1.0,1.0,0.0,0.0,0.0,0.0,,EVALUATED_PARTIAL,10,MATURE_5D,True,NO_SMA200,FAILED_BEFORE_1R,2026-05-08,daily_decision_log_2026-05-09.csv,WATCH_ONLY,13.0,TAKE,MB,,earnings+dividend,A,85.0,,,,4.0,Risk-on,47.99,44.82,none,80.0,"[B_PLUS_DAY2_COUNCIL:C1]: [V5.9 R:R floor]: target=$53.00 (~2× ADR over 5 sessions from blue-sky ATH; no overhead structure), R:R=1.58R (FAIL vs 2.0 floor); risk $3.17 with low ADR 2.56% caps upside projection. [DTE verified: 2026-08 next-quarter]: PASS; Q1 2026 print May 8 morning — revenue +12.18% YoY, net income +130.57% YoY, EPS +132.68% YoY; declared 39% dividend increase to $2.50 annualized + multiple new financings ($43M + $97.5M non-recourse loans). Gates clean: vol 1.52x, fresh (prior_high 44.99<pause_high 45.01), close $47.35 > midpoint $46.48, close_pct 81.2%; Gate 6 PASS (consec_up=1, ext=none). At ATH (52w high). Day-2 plan: inside-day required to tighten R:R. Caveat: REIT typically does not run 16%+ post-Q1; structural target ceiling may stay tight.",,,Stock fades below today_low $44.82 invalidating ATH breakout; OR inside-day R:R recompute still fails 2.0 floor,NONE,2026-05-08,,V5_9_EXPLICIT,,,,,,,,ACTIVE_BURST,NORMAL,daily_decision_log_2026-05-09.csv,False,False,/content/bonde_repo/.claude/skills/llm-council/bonde_files 3/daily_decision_log_2026-05-09.csv,True,True,True,False,False,False,,,,-1.9640978566959566,2.7243948407567276,-2.0591309515120115,-3.294609522419223,2.7243948407567276,-4.941922340011917,-1.5839493646655711,-0.25342964255923306,2.7243948407567276,-4.941922340011917,,,,,,
TXRH,2026-05-08,2026-05-09,EP_ACTIVE,ep,B,COUNCIL,DERIVED_LEGACY,,,True,PENDING_COUNCIL,DEFAULT_PENDING,C1,183.57,171.0,199.8,12.569999999999993,16.230000000000018,1.2911694510739877,1.29,True,PARSED,PARSED,regex_v59_standard,regex_v59,,,,,,,NONE,,199.8,PLANNED_TARGET,1.2911694510739877,True,1.0,183.57,TRIGGER_PRICE,1.2911694510739877,177.3800048828125,4.3522387012016495,-0.5806735544839792,183.72999572753903,185.10000610351565,185.10000610351565,176.94000244140625,176.52000427246094,176.35000610351562,0.012728379279159983,0.12171886265041058,0.12171886265041058,0.5274461064911493,0.5608588486506809,0.5743829671029731,0.12171886265041058,0.0,0.0,0.0,0.0,0.0,UNKNOWN,,,0.0,0.0,0.0,1.0,1.0,0.0,0.0,0.0,0.0,,EVALUATED_PARTIAL,10,MATURE_5D,True,NO_SMA200,FAILED_BEFORE_1R,2026-05-08,daily_decision_log_2026-05-09.csv,WATCH_ONLY,,PASS,EP,,earnings,B,80.0,,,,2.0,Risk-on,183.57,171.0,none,80.0,"[B_PLUS_DAY2_COUNCIL:C1]: [V5.8.7 EP-tier-PASS override]: setup=EP_ACTIVE, tier=PASS (4 warnings: comp_rating=51, RS=51-tier, etc — backward metrics) lifted to advisory; gates pass under EP-family extension exception. [V5.9 R:R floor]: target=$199.80 (52w high), R:R=1.29R (FAIL vs 2.0 floor); risk $12.57 (wide Day-1 range $171.00-$183.52) blocks A2. [DTE verified: 2026-08 next-quarter Q2 fiscal]: PASS; Q1 2026 print May 7 AMC: revenue $1.63B (in-line, narrow miss -0.61%), EPS $1.87 (beat 2.75%), comparable sales +7.1% (4.5% traffic), reduced commodity inflation guidance, dividend $0.75. Initial AH reaction -1.1% (revenue miss); Day-2 +12.32% on EBITDA outperform / Q2 momentum narrative. Gates clean: vol 2.84x, fresh (prior_high 160.41<pause_high 162.02), close $177.38 > midpoint $172.77, close_pct 51%; Gate 6 PASS (consec_up=1, ext=none). Day-2 plan: inside-day or controlled pullback to 5/10 EMA next session, recompute R:R against tighter Day-2 invalidation.",,,Monday closes below $171.00 (today_low) or no inside-day forms within 3 sessions,NONE,2026-05-08,,V5_9_EXPLICIT,,,,,,,,EP_ACTIVE,NORMAL,daily_decision_log_2026-05-09.csv,False,False,/content/bonde_repo/.claude/skills/llm-council/bonde_files 3/daily_decision_log_2026-05-09.csv,True,True,True,False,False,False,8.0,,,3.4727636902422976,3.5798797327363463,-0.2480563926565149,1.0824208569696347,4.3522387012016495,-0.4848351486514635,0.33261716182746426,0.10711604249407092,4.3522387012016495,-3.9294176507143064,,,,,,
NXPI,2026-05-11,2026-05-12,DELAYED_EP,delayed_ep,A2,COUNCIL,DERIVED_LEGACY,,,True,PENDING_COUNCIL,DEFAULT_PENDING,NOT_BPLUS,306.63,291.16,340.0,15.46999999999997,33.370000000000005,2.1570782159017496,2.16,True,PARSED,PARSED,regex_v59_standard,regex_v59,,,,,,,NONE,,340.0,PLANNED_TARGET,2.1570782159017496,False,7.0,,NOT_TRIGGERED,,305.989990234375,-1.1699685239780266,-6.931596500536563,302.0,302.4100036621094,302.4100036621094,291.010009765625,291.010009765625,284.7799987792969,,,,,,,,,,,,,UNKNOWN,,,,,,,,,,,,,EVALUATED_PARTIAL,9,MATURE_5D,False,NO_SMA200;NOT_TRIGGERED,NOT_TRIGGERED,2026-05-11,daily_decision_log_2026-05-12.csv,ACTIONABLE,2.0,TAKE,DEP,,post_earnings_continuation,A,88.0,,,,2.0,Risk-on,306.63,291.16,half,80.0,"[DTE verified: 2026-07-28, DTE=55]: [Gate 6 moderate]: extension_severity=moderate + extended_run_flag=True — half-size cap. DEP reclaim trigger=RECLAIM, reclaim_flag=True, orig_gap 22.15% (8 trading days ago = Q1 catalyst). Vol 1.51x (above floor), close 96.5% of range, close > pause_high $303.91 = pivot held. Above 200SMA ($222.51) clean Stage 2. [V5.9 R:R floor]: target=$340.00 (post-Q1 swing-high resistance), R:R=2.16R (PASS vs 2.0 floor).",,,Reverses below $300 (-2% from close) or fills today gap-fill below $295; loses pause_high pivot $303.91 = thesis broken.,NONE,2026-05-11,,V5_9_EXPLICIT,96.49,3.81,1.51,,,,,DELAYED_EP,NORMAL,daily_decision_log_2026-05-12.csv,True,False,/content/bonde_repo/.claude/skills/llm-council/bonde_files 3/daily_decision_log_2026-05-12.csv,False,False,False,True,True,True,1.0,,,-3.8432561924784725,-1.303961031966716,-4.895578596305061,-3.862863879170375,-1.1699685239780266,-4.895578596305061,-4.676622770448446,,,,,,,,,
STRZ,2026-05-11,2026-05-12,EP_ACTIVE,ep,B,COUNCIL,DERIVED_LEGACY,,,True,PENDING_COUNCIL,DEFAULT_PENDING,C3,22.91,19.93,28.5,2.9800000000000004,5.59,1.8758389261744963,2.04,False,PARSED,PARSED,regex_v59_standard,regex_v59,,,,,,,NONE,,28.5,PLANNED_TARGET,1.8758389261744963,True,3.0,22.91,TRIGGER_PRICE,1.8758389261744963,21.149999618530273,13.427896944734051,-11.394798538438843,21.280000686645508,23.6299991607666,23.989999771118164,20.290000915527344,18.739999771118164,18.739999771118164,-0.5469796353538564,0.2416104566330877,0.362416030576565,0.8791943236485423,1.3993289358663878,1.3993289358663878,0.362416030576565,0.0,0.0,0.0,0.0,1.0,UNKNOWN,,,0.0,0.0,0.0,1.0,1.0,0.0,0.0,0.0,0.0,,EVALUATED_PARTIAL,9,MATURE_5D,True,NO_SMA200,FAILED_BEFORE_1R,2026-05-11,daily_decision_log_2026-05-12.csv,WATCH_ONLY,4.0,TAKE,MB+EP,,post_earnings_continuation,B,60.0,,,,3.0,Risk-on,22.91,19.93,none,72.0,"[B_PLUS_DAY2_COUNCIL:C3]: Day-2 confirmation needed after Q1 earnings catalyst bar (5/7 AMC, on/ahead of guidance). 5/8 Friday closed -1.54%; 5/11 gapped +6.87% (ep_gap 10.91%) but today_high $22.26 < pause_high $22.81 = pivot NOT broken. close_pct_in_range=52% (just above midpoint). Day-2 plan: buy above pause_high $22.81 with vol confirmation; invalidation today_low $19.93. [DTE verified: 2026-08-06, DTE=63]: [V5.9 R:R floor]: target=$28.50 (Feb-Mar 2026 swing-high resistance), R:R=2.04R (PASS vs 2.0 floor). [VALIDATE]: Stack=2 MB+EP, no IBD coverage (spin-out from Lionsgate), bag_holder=False, no severe extension.",,,Opens below today_low $19.93 = setup broken; Day-2 inside-day fails (closes below midpoint of today range $21.10); breaks pause_high but fades back below $22.81 on Day-2 close = failed-reclaim.,NONE,2026-05-11,,V5_9_EXPLICIT,52.36,10.91,1.58,,,,,EP_ACTIVE,NORMAL,daily_decision_log_2026-05-12.csv,True,False,/content/bonde_repo/.claude/skills/llm-council/bonde_files 3/daily_decision_log_2026-05-12.csv,False,True,True,False,True,True,2.0,,,-3.782502371109453,0.6146622716784123,-4.0661877943934055,3.6879465754794616,11.725766368636293,-11.394798538438843,0.5673798647649164,,,,,,,,,
LINC,2026-05-11,2026-05-12,ACTIVE_BURST,mb,A1,TRADE,DERIVED_LEGACY,,,True,NOT_COUNCIL,DEFAULT_NOT_COUNCIL,NOT_BPLUS,51.65,48.2,58.65,3.4499999999999957,7.0,2.028985507246379,2.03,True,PARSED,PARSED,regex_v59_standard,regex_v59,,,,,,,NONE,,58.65,PLANNED_TARGET,2.028985507246379,True,2.0,51.65,TRIGGER_PRICE,2.028985507246379,49.5,8.080808080808088,-4.9899014559659065,50.68999862670899,53.50000000000001,53.50000000000001,47.029998779296875,47.029998779296875,47.029998779296875,-0.2782612676205821,0.5362318840579742,0.5362318840579742,1.3391307886096027,1.3391307886096027,1.3391307886096027,0.5362318840579742,0.0,0.0,0.0,0.0,1.0,UNKNOWN,,,0.0,0.0,0.0,1.0,1.0,0.0,0.0,0.0,0.0,,EVALUATED_PARTIAL,9,MATURE_5D,True,NO_SMA200,FAILED_BEFORE_1R,2026-05-11,daily_decision_log_2026-05-12.csv,ACTIONABLE,8.0,TAKE,MB,,earnings_beat_continuation,A,92.0,,,,3.0,Risk-on,51.65,48.2,full,86.0,"[DTE verified: 2026-08-11, DTE=63]: [V5.1 Gates 1-4 PASS]: vol 2.01x, fresh pause_high $45.48 > prior_high $45.45 (margin tight but fresh), close_pct_in_range=70%, close $49.50 > midpoint($45.48,$51.54)=$48.51. Day-1 breakout closing ABOVE pivot. Catalyst: Q1 2026 reported BMO today (signal=catalyst day) — revenue +22.5% ($144M vs $135M est), EPS $0.14 vs $0.04 est (massive beat), raised FY26 guidance, NJ Transit corporate training contract. consec_up_days=2, no extension. comp_rating=98, RS_3m=53, sales_growth +96%, funds_count=23. Above 200SMA ($27.32). [V5.9 R:R floor]: target=$58.65 (measured move from $45 base + 3xADR), R:R=2.03R (PASS vs 2.0 floor). Stop at 50% retracement of signal bar / 1.5xADR.",,,Opens below today_low $44.75 = breakout failure; trigger fires but fades back below pause_high $45.48 on Day-2 close = failed-reclaim.,NONE,2026-05-11,,V5_9_EXPLICIT,69.96,10.61,2.01,,,,,ACTIVE_BURST,NORMAL,daily_decision_log_2026-05-12.csv,True,False,/content/bonde_repo/.claude/skills/llm-council/bonde_files 3/daily_decision_log_2026-05-12.csv,False,True,True,True,True,True,1.0,,,1.4343415847932528,2.404037629715128,-4.9899014559659065,3.0101044009430256,8.080808080808088,-4.9899014559659065,-0.10100855971827416,,,,,,,,,
KGS,2026-05-11,2026-05-12,ACTIVE_BURST,mb,A2,COUNCIL,DERIVED_LEGACY,,,True,PENDING_COUNCIL,DEFAULT_PENDING,NOT_BPLUS,76.78,71.78,87.0,5.0,10.219999999999999,2.0439999999999996,2.04,True,PARSED,PARSED,regex_v59_standard,regex_v59,,,,,,,NONE,,87.0,PLANNED_TARGET,2.0439999999999996,False,7.0,,NOT_TRIGGERED,,75.5199966430664,1.2976739943003857,-5.177431417528833,76.27999877929688,76.5,76.5,73.73999786376953,71.61000061035156,71.61000061035156,,,,,,,,,,,,,UNKNOWN,,,,,,,,,,,,,EVALUATED_PARTIAL,9,MATURE_5D,False,NO_SMA200;NOT_TRIGGERED,NOT_TRIGGERED,2026-05-11,daily_decision_log_2026-05-12.csv,ACTIONABLE,9.0,TAKE,MB,,earnings_beat_continuation,A,88.0,,,,2.0,Risk-on,76.78,71.78,half,80.0,"[DTE verified: 2026-08-05, DTE=60]: [V5.1 Gates 1-4 PASS]: vol 2.45x, fresh pause_high $71.92, close_pct_in_range=76%, close $75.52 > midpoint($71.92,$76.68)=$74.30. Day-1 breakout closing ABOVE pivot. Catalyst: Q1 2026 BMO today (signal=catalyst day) — EPS $0.59 vs $0.54 beat, +7.3% post-earnings gain. comp_rating=96, RS_3m=73 (strong), sales_growth +96%, funds_count=5. [Gate 6 moderate]: extension_severity=moderate + extended_run_flag=True — half-size cap per V5.8.6 graduated severity. Above 200SMA ($43.21). [V5.9 R:R floor]: target=$87.00 (+2xATR measured move, prior swing-high resistance), R:R=2.04R (PASS vs 2.0 floor).",,,Opens below pause_high $71.92 = breakout failure; trigger fires but fades back below today_low $71.78 on Day-2 close = failed-reclaim.,NONE,2026-05-11,,V5_9_EXPLICIT,76.33,8.43,2.45,,,,,ACTIVE_BURST,NORMAL,daily_decision_log_2026-05-12.csv,True,False,/content/bonde_repo/.claude/skills/llm-council/bonde_files 3/daily_decision_log_2026-05-12.csv,False,False,False,False,True,True,3.0,,,-0.5031743515746756,1.0063588056319794,-2.3569900137969557,-1.7081479654054599,1.2976739943003857,-5.177431417528833,0.3442825050156362,,,,,,,,,
AAMI,2026-05-11,2026-05-12,ACTIVE_BURST,mb,A2,COUNCIL,DERIVED_LEGACY,,,True,PENDING_COUNCIL,DEFAULT_PENDING,NOT_BPLUS,73.2,69.02,81.55,4.180000000000007,8.349999999999994,1.9976076555023878,2.0,True,PARSED,PARSED,regex_v59_standard,regex_v59,,,,,,,NONE,,81.55,PLANNED_TARGET,1.9976076555023878,False,9.0,,NOT_TRIGGERED,,72.37999725341797,-0.11743449529992844,-7.101408655283848,72.29499816894531,72.29499816894531,72.29499816894531,69.12999725341797,69.12999725341797,67.23999786376953,,,,,,,,,,,,,UNKNOWN,,,,,,,,,,,,,EVALUATED_PARTIAL,9,MATURE_5D,False,NO_SMA200;NOT_TRIGGERED,NOT_TRIGGERED,2026-05-11,daily_decision_log_2026-05-12.csv,ACTIONABLE,14.0,TAKE,MB,,post_earnings_continuation,A,85.0,,,,3.0,Risk-on,73.2,69.02,full,83.0,"[DTE verified: 2026-07-30, DTE=55]: [V5.1 Gates 1-4 PASS]: vol 1.62x (above floor, lower end of strong), fresh pause_high $69.47 > prior_high $69.00 (tight fresh pivot), close_pct_in_range=82%, close $72.38 > midpoint($69.47,$73.10)=$71.29. Day-1 breakout closing ABOVE pivot. Catalyst: Q1 2026 reported 4/30 — EPS $1.05 vs $0.94 beat, revenue $165M vs $155M, AUM +61% YoY, ENI +85%, EBITDA +76%. Catalyst is ~8 trading days fresh (post-earnings continuation breakout). consec_up_days=2, no extension. comp_rating=98, RS_3m=54, sales_growth +98%. Above 200SMA ($50.85). [V5.9 R:R floor]: target=$81.55 (2xATR measured move + post-earnings high extension), R:R=2.00R (PASS vs 2.0 floor).",,,Opens below today_low $69.02 = breakout failure; trigger fires but fades back below pause_high $69.47 on Day-2 close = failed-reclaim.,NONE,2026-05-11,,V5_9_EXPLICIT,82.35,5.46,1.62,,,,,ACTIVE_BURST,NORMAL,daily_decision_log_2026-05-12.csv,True,False,/content/bonde_repo/.claude/skills/llm-council/bonde_files 3/daily_decision_log_2026-05-12.csv,False,False,False,False,False,True,4.0,,,-2.555952672454309,-0.11743449529992844,-4.490190830791341,-1.6026472461078578,-0.11743449529992844,-4.490190830791341,-4.200056688153286,,,,,,,,,
ADTN,2026-05-13,2026-05-14,ACTIVE_BURST,active_burst,A2,COUNCIL,DERIVED_LEGACY,,,True,PENDING_COUNCIL,DEFAULT_PENDING,NOT_BPLUS,15.9,14.98,18.0,0.9199999999999999,2.0999999999999996,2.282608695652174,2.28,True,PARSED,PARSED,regex_v59_standard,regex_v59,,,,,,,NONE,,18.0,PLANNED_TARGET,2.282608695652174,True,1.0,15.9,TRIGGER_PRICE,2.282608695652174,15.770000457763672,2.599872133867076,-8.750793115935107,16.18000030517578,16.18000030517578,16.18000030517578,15.0600004196167,14.710000038146973,14.390000343322754,0.3043481577997619,0.3043481577997619,0.3043481577997619,0.9130430221557622,1.293478219405465,1.641303974649181,0.3043481577997619,0.0,0.0,0.0,0.0,1.0,UNKNOWN,,,0.0,0.0,0.0,1.0,1.0,0.0,0.0,0.0,0.0,,EVALUATED_PARTIAL,7,MATURE_5D,True,NO_SMA200,FAILED_BEFORE_1R,2026-05-13,daily_decision_log_2026-05-13.csv,ACTIONABLE,19.0,TAKE,ACTIVE_BURST,,earnings,B,,,,,,Risk-On,15.9,14.98,full,,"[V5.9 R:R floor]: target=$18.00 (prior swing high, sustained breakout target), R:R=2.28R (PASS vs 2.0 floor); [DTE verified: 2026-08-04, DTE=54]; ACTIVE_BURST gates 1-4 PASS (vol=1.509631179415651, close_pct=60.8%); fresh setup; market Risk-On.",,,Loss of $14.98 = setup failure (today_low breach).,NONE,2026-05-13,,V5_9_EXPLICIT,60.77,4.85,1.51,,,,,ACTIVE_BURST,NORMAL,daily_decision_log_2026-05-13.csv,True,False,/content/bonde_repo/.claude/skills/llm-council/bonde_files 3/daily_decision_log_2026-05-13.csv,True,True,True,False,True,True,2.0,,,-3.1071700099491784,2.599872133867076,-4.502219515139172,-5.136337324695073,2.599872133867076,-6.721625801189212,-8.243501287248634,,,,,,,,,
ARMK,2026-05-13,2026-05-14,ACTIVE_BURST,active_burst,A2,COUNCIL,DERIVED_LEGACY,,,True,PENDING_COUNCIL,DEFAULT_PENDING,NOT_BPLUS,51.05,48.38,57.5,2.6699999999999946,6.450000000000003,2.415730337078658,2.42,True,PARSED,PARSED,regex_v59_standard,regex_v59,,,,,,,NONE,,57.5,PLANNED_TARGET,2.415730337078658,True,1.0,51.05,TRIGGER_PRICE,2.415730337078658,50.75,5.556649644973821,-0.8078814727332184,53.27000045776367,53.56999969482421,53.56999969482421,50.34000015258789,50.34000015258789,50.34000015258789,0.8314608456043743,0.9438201104210561,0.9438201104210561,0.26591754584723143,0.26591754584723143,0.26591754584723143,0.9438201104210561,0.0,0.0,0.0,0.0,0.0,UNKNOWN,,,0.0,0.0,0.0,0.0,1.0,0.0,0.0,0.0,0.0,,EVALUATED_PARTIAL,7,MATURE_5D,True,NO_SMA200,UNCLASSIFIED,2026-05-13,daily_decision_log_2026-05-13.csv,ACTIONABLE,16.0,TAKE,ACTIVE_BURST,,earnings,B,,,,,,Risk-On,51.05,48.38,full,,"[V5.9 R:R floor]: target=$57.50 (breakout to new ATH + 15% extension target above prior 52w high $46.88), R:R=2.42R (PASS vs 2.0 floor); [DTE verified: 2026-08-11, DTE=61]; ACTIVE_BURST gates 1-4 PASS (vol=2.321430996473661, close_pct=94.8%); fresh setup; market Risk-On.",,,Loss of $48.38 = setup failure (today_low breach).,NONE,2026-05-13,,V5_9_EXPLICIT,94.8,4.83,2.32,,,,,ACTIVE_BURST,NORMAL,daily_decision_log_2026-05-13.csv,True,False,/content/bonde_repo/.claude/skills/llm-council/bonde_files 3/daily_decision_log_2026-05-13.csv,True,True,True,False,False,False,,,,3.8423660353486655,4.96551814337669,-0.8078814727332184,4.315268229968439,5.556649644973821,-0.8078814727332184,1.536943407481517,,,,,,,,,
AVT,2026-05-13,2026-05-14,SLINGSHOT,slingshot,B,COUNCIL,DERIVED_LEGACY,,,True,PENDING_COUNCIL,DEFAULT_PENDING,C3,86.5,83.26,95.0,3.239999999999995,8.5,2.623456790123461,2.62,True,PARSED,PARSED,regex_v59_standard,regex_v59,,,,,,,NONE,,95.0,PLANNED_TARGET,2.623456790123461,True,1.0,86.5,TRIGGER_PRICE,2.623456790123461,86.22000122070312,1.4381788984152655,-6.448616886888525,87.45999908447266,87.45999908447266,87.45999908447266,85.0999984741211,82.62000274658203,80.66000366210938,0.29629601372612896,0.29629601372612896,0.29629601372612896,0.4320992363823792,1.1975300164870293,1.8024680055218008,0.29629601372612896,0.0,0.0,0.0,0.0,1.0,UNKNOWN,,,0.0,0.0,0.0,1.0,1.0,0.0,0.0,0.0,0.0,,EVALUATED_PARTIAL,7,MATURE_5D,True,NO_SMA200,FAILED_BEFORE_1R,2026-05-13,daily_decision_log_2026-05-13.csv,WATCH_ONLY,18.0,TAKE,ACTIVE_BURST+SLINGSHOT,,momentum,C,,,,,,Risk-On,86.5,83.26,none,,"[B_PLUS_DAY2_COUNCIL:C3]: [V5.9.17 Slingshot_vol_gate]: today_vol/prior_vol = 1.69x (PASS vs 1.2 floor); [V5.9 R:R floor]: target=$95.00 (prior swing high zone), R:R=2.62R (PASS vs 2.0 floor); [DTE verified: 2026-08-12, DTE=62]; SLINGSHOT contraction_quality 49.7 (sub-50, per V5.9.17 item 68); slingshot trigger fired but prior compression marginal — wait for Day-2 tightening or inside-day expansion.",,,Day-2 fails to tighten or breaks $83.26 — abort the B+ thesis.,NONE,2026-05-13,,V5_9_EXPLICIT,95.18,5.01,1.62,,,,,SLINGSHOT,NORMAL,daily_decision_log_2026-05-13.csv,True,False,/content/bonde_repo/.claude/skills/llm-council/bonde_files 3/daily_decision_log_2026-05-13.csv,True,True,True,False,True,True,3.0,,,0.5219171211680917,1.4381788984152655,-1.299005718771784,-3.3518897572857975,1.4381788984152655,-4.175363515602292,-1.739735535563669,,,,,,,,,
FIVN,2026-05-13,2026-05-14,DELAYED_EP,delayed_ep,A2,COUNCIL,DERIVED_LEGACY,,,True,PENDING_COUNCIL,DEFAULT_PENDING,NOT_BPLUS,21.2,19.83,24.0,1.370000000000001,2.8000000000000007,2.043795620437955,2.04,True,PARSED,PARSED,regex_v59_standard,regex_v59,,,,,,,NONE,,24.0,PLANNED_TARGET,2.043795620437955,True,1.0,21.2,TRIGGER_PRICE,2.043795620437955,21.1200008392334,7.10227244505377,-4.095651723933336,21.729999542236325,22.55999946594238,22.6200008392334,20.652000427246094,20.2549991607666,20.2549991607666,0.3868609797345437,0.9927003401039263,1.036496962944086,0.3999996881415366,0.6897816344769322,0.6897816344769322,1.036496962944086,1.0,0.0,0.0,0.0,0.0,UNKNOWN,,,1.0,1.0,0.0,0.0,1.0,0.0,0.0,0.0,0.0,,EVALUATED_PARTIAL,7,MATURE_5D,True,NO_SMA200,HIT_1R_NOT_2R,2026-05-13,daily_decision_log_2026-05-13.csv,ACTIONABLE,2.0,TAKE,DELAYED_EP,,earnings,A,,,,,,Risk-On,21.2,19.83,full,,"[V5.9.16 DEP_vol_gate]: today_vol/prior_vol = 2.86x (PASS vs 1.2 floor); [V5.9 R:R floor]: target=$24.00 (prior pre-decline supply zone), R:R=2.04R (PASS vs 2.0 floor); [DTE verified: 2026-07-30, DTE=54]; DELAYED_EP gates 1-4 PASS (vol=2.8610308775070177, close_pct=57.8%); fresh setup; market Risk-On.",,,Loss of $19.83 = setup failure (today_low breach).,NONE,2026-05-13,,V5_9_EXPLICIT,57.83,0.91,2.49,,,,,DELAYED_EP,NORMAL,daily_decision_log_2026-05-13.csv,True,False,/content/bonde_repo/.claude/skills/llm-council/bonde_files 3/daily_decision_log_2026-05-13.csv,True,True,True,False,False,False,,,,-1.7518978434227561,2.888251319904156,-2.2159109535541677,0.04734053568136165,6.8181750449269884,-4.095651723933336,5.539772868382209,,,,,,,,,
MRVL,2026-05-13,2026-05-14,SLINGSHOT,slingshot,B,COUNCIL,DERIVED_LEGACY,,,True,PENDING_COUNCIL,DEFAULT_PENDING,C1,178.5,168.91,195.0,9.590000000000003,16.5,1.720542231491136,1.72,True,PARSED,PARSED,regex_v59_standard,regex_v59,,,,,,,NONE,,195.0,PLANNED_TARGET,1.720542231491136,True,1.0,178.5,TRIGGER_PRICE,1.720542231491136,177.9499969482422,8.637263635608283,-8.485524643823672,192.1499938964844,192.1499938964844,193.32000732421875,177.3300018310547,165.10000610351562,162.85000610351562,1.423357027787737,1.423357027787737,1.5453605134743216,0.12200189457198249,1.3972882060984744,1.6319076013018112,1.5453605134743216,1.0,0.0,0.0,0.0,1.0,UNKNOWN,,,1.0,1.0,0.0,0.0,1.0,0.0,0.0,0.0,0.0,,EVALUATED_PARTIAL,7,MATURE_5D,True,NO_SMA200,HIT_1R_NOT_2R,2026-05-13,daily_decision_log_2026-05-13.csv,WATCH_ONLY,,,EP9M+SLINGSHOT,,analyst+momentum,B,,,,,,Risk-On,178.5,168.91,none,,"[B_PLUS_DAY2_COUNCIL:C1]: [V5.9.17 Slingshot_vol_gate]: today_vol/prior_vol = 1.48x (PASS vs 1.2 floor); [V5.9 R:R floor]: target=$195.00 (BofA PT $200, B.Riley $205; immediate next swing), R:R=1.72R (FAIL vs 2.0 floor); [DTE verified: 2026-05-27, DTE=9]; wide Day-1 range (5.4% stop), R:R fails 2.0 floor; Day-2 inside-day break could tighten.",,,Day-2 fails to tighten or breaks $168.91 — abort the B+ thesis.,NONE,2026-05-13,,V5_9_EXPLICIT,67.46,8.18,1.21,,,,,SLINGSHOT,NORMAL,daily_decision_log_2026-05-13.csv,True,False,/content/bonde_repo/.claude/skills/llm-council/bonde_files 3/daily_decision_log_2026-05-13.csv,True,True,True,False,True,True,3.0,,,2.601857242042649,7.9797680200985655,-0.3484097374656492,-5.068842049536226,7.9797680200985655,-7.221124509748689,4.973310623933136,,,,,,,,,
PRM,2026-05-13,2026-05-14,ACTIVE_BURST,active_burst,A2,COUNCIL,DERIVED_LEGACY,,,True,PENDING_COUNCIL,DEFAULT_PENDING,NOT_BPLUS,34.2,32.31,40.0,1.8900000000000006,5.799999999999997,3.068783068783066,3.07,True,PARSED,PARSED,regex_v59_standard,regex_v59,,,,,,,NONE,,40.0,PLANNED_TARGET,3.068783068783066,True,1.0,34.2,TRIGGER_PRICE,3.068783068783066,33.90999984741211,2.8900016120499084,-4.600416928076367,34.88999938964844,34.88999938964844,34.88999938964844,33.310001373291016,32.46099853515625,32.349998474121094,0.3650790421420288,0.3650790421420288,0.3650790421420288,0.4708987442904693,0.9201065951554245,0.9788367861793167,0.3650790421420288,0.0,0.0,0.0,0.0,0.0,UNKNOWN,,,0.0,0.0,0.0,1.0,1.0,0.0,0.0,0.0,0.0,,EVALUATED_PARTIAL,7,MATURE_5D,True,NO_SMA200,FAILED_BEFORE_1R,2026-05-13,daily_decision_log_2026-05-13.csv,ACTIONABLE,17.0,TAKE,ACTIVE_BURST,,earnings,A,,,,,,Risk-On,34.2,32.31,full,,"[V5.9 R:R floor]: target=$40.00 (Morgan Stanley PT 5/11), R:R=3.07R (PASS vs 2.0 floor); [DTE verified: 2026-08-05, DTE=55]; ACTIVE_BURST gates 1-4 PASS (vol=1.5341531915445636, close_pct=92.5%); fresh setup; market Risk-On.",,,Loss of $32.31 = setup failure (today_low breach).,NONE,2026-05-13,,V5_9_EXPLICIT,92.51,5.64,1.53,,,,,ACTIVE_BURST,NORMAL,daily_decision_log_2026-05-13.csv,True,False,/content/bonde_repo/.claude/skills/llm-council/bonde_files 3/daily_decision_log_2026-05-13.csv,True,True,True,False,False,False,6.0,,,0.26540888526356277,2.8900016120499084,-1.7693850687731105,-1.3860254285403495,2.8900016120499084,-4.273079677900505,-1.209082421872676,,,,,,,,,
SRRK,2026-05-13,2026-05-14,DELAYED_EP,delayed_ep,A2,COUNCIL,DERIVED_LEGACY,,,True,PENDING_COUNCIL,DEFAULT_PENDING,NOT_BPLUS,50.6,48.45,56.0,2.1499999999999986,5.399999999999999,2.511627906976745,2.51,True,PARSED,PARSED,regex_v59_standard,regex_v59,,,,,,,NONE,,56.0,PLANNED_TARGET,2.511627906976745,True,1.0,50.6,TRIGGER_PRICE,2.511627906976745,50.16999816894531,2.451671121835819,-8.29180785178323,51.400001525878906,51.400001525878906,51.400001525878906,48.48500061035156,46.619998931884766,46.0099983215332,0.3720937329669327,0.3720937329669327,0.3720937329669327,0.9837206463481117,1.8511632874954598,2.134884501612466,0.3720937329669327,0.0,0.0,0.0,0.0,1.0,UNKNOWN,,,0.0,0.0,0.0,1.0,1.0,0.0,0.0,0.0,0.0,,EVALUATED_PARTIAL,7,MATURE_5D,True,NO_SMA200,FAILED_BEFORE_1R,2026-05-13,daily_decision_log_2026-05-13.csv,ACTIONABLE,3.0,TAKE,DELAYED_EP+SLINGSHOT,,FDA+earnings,A,,,,,,Risk-On,50.6,48.45,full,,"[V5.9.16 DEP_vol_gate]: today_vol/prior_vol = 1.28x (PASS vs 1.2 floor); [V5.9 R:R floor]: target=$56.00 (JPM Positive Catalyst Watch target; just above 52w high $51.63), R:R=2.51R (PASS vs 2.0 floor); [DTE verified: 2026-08-06, DTE=56]; DELAYED_EP gates 1-4 PASS (vol=1.2819443391218623, close_pct=90.5%); fresh setup; market Risk-On.",,,Loss of $48.45 = setup failure (today_low breach).,NONE,2026-05-13,,V5_9_EXPLICIT,90.53,1.99,1.06,,,,,DELAYED_EP,NORMAL,daily_decision_log_2026-05-13.csv,True,False,/content/bonde_repo/.claude/skills/llm-council/bonde_files 3/daily_decision_log_2026-05-13.csv,True,True,True,False,True,True,3.0,,,2.2124788735564227,2.451671121835819,-3.3585760815051158,-5.561086710497543,2.451671121835819,-7.075940535429314,-3.567863596092513,,,,,,,,,
AAP,2026-05-21,2026-05-22,EP_ACTIVE,ep,A2,COUNCIL,INPUT_V5_9_19,,,True,DEFER,FILE,NOT_BPLUS,62.19,55.04,76.49,7.149999999999999,14.299999999999997,2.0,2.0,True,PARSED,PARSED,regex_v59_standard,regex_v59,,,,,,,NONE,,76.49,PLANNED_TARGET,2.0,False,,,NOT_TRIGGERED,,58.619998931884766,,,59.130001068115234,,,55.52000045776367,,,,,,,,,,,,,,,UNKNOWN,,,,,,,,,,,,,EVALUATED_PARTIAL,1,IMMATURE_5D,False,NO_SMA200;NOT_TRIGGERED;INSUFFICIENT_FUTURE_BARS;NO_5D_PRICE_DATA,PENDING_INSUFFICIENT_DATA,2026-05-21,daily_decision_log_2026-05-22.csv,ACTIONABLE,4.0,TAKE,EP,,earnings,A,,,,,,Risk-On,62.19,55.04,half,70.0,"[DTE verified: 2026-08-12, DTE=58]: Q1 reported 2026-05-21 EPS $0.77 vs $0.43e (+79% beat), rev $2.6B, comp sales +3.5% (5y high), 210bps GM expansion, FY26 guidance reaffirmed; PT raises Evercore $65 / RBC $63. [V5.9 R:R floor]: target=$76.49 (Day-1 ATR projection / consensus PT-band $63-$85; 60d swing reference), R:R=2.00R (PASS vs 2.0 floor). V5.1 gates: trigger reached+fresh (today_high 62.19 > pause_high 52.18); held (close 58.62 >> pause_high); midpoint(52.18,62.19)=57.18 < close 58.62 PASS; vol_ratio_50=5.33 PASS; CIR=50.1 > 0.3 floor; consec_up_days=2 V5.5 clean; ext=none. Yellow flag: 11.5% stop on +14% Day-1 close-mid-range = chase-prone; size cut to half. Routes to council via Trigger 1 (A2).",,,Open below $55.04 (today_low / V5.9.14 canonical stop); Day-2 close below today's open (~$55.95) on volume; catalyst downgrade on negative follow-up; gap-down >5% no recovery first 30 min,,2026-05-21,,V5_9_EXPLICIT,50.0629,12.3927,5.3304,False,NONE,0.0,0.0,EP_ACTIVE,NORMAL,daily_decision_log_2026-05-22.csv,True,True,/content/bonde_repo/.claude/skills/llm-council/bonde_files 3/current/daily_decision_log_2026-05-22.csv,False,False,False,False,False,False,,,,-1.1429515202206586,0.8700138954677916,-5.288295002739984,,,,,,,,,,,,,
GFS,2026-05-21,2026-05-22,EP_ACTIVE,ep,B,COUNCIL,INPUT_V5_9_19,,,True,DEFER,FILE,C1,81.46,75.11,85.15,6.349999999999994,3.690000000000012,0.5811023622047268,0.58,True,PARSED,PARSED,regex_v59_standard,regex_v59,,,,,,,NONE,,85.15,PLANNED_TARGET,0.5811023622047268,True,1.0,81.46,TRIGGER_PRICE,0.5811023622047268,81.3499984741211,,,89.90000152587889,,,85.05999755859374,,,1.3291340985636073,,,-0.5669287493848417,,,,,,,,,UNKNOWN,,,,,,,,,0.0,0.0,0.0,,EVALUATED_PARTIAL,1,IMMATURE_5D,False,NO_SMA200;INSUFFICIENT_FUTURE_BARS;NO_5D_PRICE_DATA,PENDING_INSUFFICIENT_DATA,2026-05-21,daily_decision_log_2026-05-22.csv,WATCH_ONLY,1.0,TAKE,MB+EP+9M,,government_funding_LOI_plus_business_launch,A,,,,,,Risk-On,81.46,75.11,none,78.0,"[B_PLUS_DAY2_COUNCIL:C1]: Day-1 wide-range bar (CIR=98.3 close-at-high BUT 7.8% stop = wide range); static EOD R:R fails 2.0 floor; tighter Day-2 entry needed. [V5.9.20 EP9M_context]: type=EP9M_PLUS_REAL_SETUP; primary=ep; boost=0. [V5.9 R:R floor]: target=$85.15 (pack swing target near 52w-high $82.44; analyst 12-mo PTs $85-$125 not appropriate for swing horizon), R:R=0.58R (FAIL vs 2.0 floor). [DTE verified: 2026-08-11, DTE=57]: Q1 reported 2026-05-05; Q2 Aug 11. V5.1 gates: trigger reached+fresh (today_high 81.46 > pause_high 75.33); held (close 81.35 >> pause_high); midpoint(75.33,81.46)=78.39 < close 81.35 PASS strongly; vol_ratio_50=2.49 PASS; CIR=98.3 closed at high; consec_up_days=2; ext=none. Stack MB+EP+9M is strongest possible. A-catalyst: $375M federal quantum LOI + Quantum Tech Solutions launch (May 21) atop Q1 beat (May 5) + first-ever dividend (May 7 Investor Day). Canonical V5.9.3 C1 carve-out: gates-clean + A-catalyst + textbook close, only R:R floor fails.",,,"Open below $75.11 (today_low / V5.9.14 stop); gap-down >5% no recovery first 30 min; failure to print inside-day OR tight Day-2 pullback to $78-80 then reclaim; catalyst sentiment reversal (LOI walked back, equity stake renegotiated)",,2026-05-21,,V5_9_EXPLICIT,98.2677,10.1851,2.486,True,EP9M_PLUS_REAL_SETUP,0.0,0.0,EP_ACTIVE,NORMAL,daily_decision_log_2026-05-22.csv,True,True,/content/bonde_repo/.claude/skills/llm-council/bonde_files 3/current/daily_decision_log_2026-05-22.csv,True,True,True,False,False,False,,,,5.2735107510691215,10.510145313005403,4.560539832896082,,,,,,,,,,,,,
WCC,2026-05-15,2026-05-15,DELAYED_EP,DELAYED_EP,A2,COUNCIL,INPUT_V5_9_19,,,True,PENDING_COUNCIL,DEFAULT_PENDING,NOT_BPLUS,215.0,205.0,,10.0,,,,,NOT_LOGGED,NOT_LOGGED,none,none,,,,,,,NONE,,,NONE,,True,1.0,215.0,TRIGGER_PRICE,,358.7200012207031,2.5423715115278522,-8.112178301876117,362.0,362.0,367.8399963378906,347.1099853515625,329.6199951171875,329.6199951171875,14.7,14.7,15.283999633789062,-13.21099853515625,-11.46199951171875,-11.46199951171875,15.283999633789062,1.0,1.0,,,0.0,UNKNOWN,,,0.0,,,0.0,,,,,,,EVALUATED_PARTIAL,5,MATURE_5D,True,TARGET_NOT_PARSED;RR_NOT_PARSED;NO_SMA200,TARGET_NOT_LOGGED,2026-05-15,sample_daily_decision_log.csv,ACTIONABLE,1.0,TAKE,DEP,,Earnings,A,90.0,,,,4.0,Mixed,215.0,205.0,half,88.0,A2 DEP reclaim; R:R pass; council-routed sizing/entry question,,,Close below invalidation or failed reclaim,DEP_RECLAIM,2026-05-15,,V5_9_EXPLICIT,83.2,6.1,2.4,,,,,DELAYED_EP,NORMAL,sample_daily_decision_log.csv,True,True,/content/bonde_repo/.claude/skills/llm-council/bonde_files/bonde_stockbee_actionability/resources/sample_daily_decision_log.csv,True,True,True,False,False,False,,,,-3.033007595280013,0.9143618332223546,-3.2365119953257193,-2.4364379473219566,0.9143618332223546,-8.112178301876117,1.3520311348715897,,,,,,,,,
NVMI,2026-05-15,2026-05-15,MOMENTUM_BURST,MOMENTUM_BURST,B+,COUNCIL,INPUT_V5_9_19,,,True,PENDING_COUNCIL,DEFAULT_PENDING,BPLUS_UNKNOWN,550.0,522.0,,28.0,,,,,NOT_LOGGED,NOT_LOGGED,none,none,,,,,,,NONE,,,NONE,,False,,,NOT_TRIGGERED,,509.1499938964844,1.3453807690525732,-9.10930088162626,516.0,516.0,516.0,477.57000732421875,462.7699890136719,462.7699890136719,,,,,,,,,,,,,UNKNOWN,,,,,,,,,,,,,EVALUATED_PARTIAL,5,MATURE_5D,False,TARGET_NOT_PARSED;RR_NOT_PARSED;NO_SMA200;NOT_TRIGGERED,TARGET_NOT_LOGGED,2026-05-15,sample_daily_decision_log.csv,UNKNOWN,2.0,TAKE,MB,,Earnings,A,90.0,,,,3.0,Mixed,550.0,522.0,none,84.0,B+ Day-2 pullback candidate; same-day R:R fails but setup/catalyst strong,,,No pullback into buy zone or weak close,B_PLUS_DAY2_COUNCIL,2026-05-15,,V5_9_EXPLICIT,90.0,8.4,3.1,,,,,MOMENTUM_BURST,NORMAL,sample_daily_decision_log.csv,True,True,/content/bonde_repo/.claude/skills/llm-council/bonde_files/bonde_stockbee_actionability/resources/sample_daily_decision_log.csv,False,False,False,True,True,True,1.0,,,-4.399488198960588,1.3453807690525732,-6.202491790402764,-2.96965438445268,1.3453807690525732,-9.10930088162626,-1.1116574152920666,,,,,,,,,
